group	family	genus	species	cultivation	life_form	woodiness	life_span	longevity	sexual_system	mating_system	SI_status	outcrossing_rate	ploidy	nb_chromosome	genetic_map_cM	genome_size_Mb	tip	n_markers	n_progeny	haploid_chromosome_number	doi_original	kew.nchromosomes	kew.ploidy	kew.Cvalue	chrom_size	chrom_genmap	rec	Prec_intra_H	Prec_intra_K	Prec_inter	longevity2	mating_system2	ploidy2	res	marker_density	clade	kingdom	superkingdom	class
Angiosperm	Actinidiaceae	Actinidia	Actinidia chinensis	cultivated	Liana	woody	Perennial	Long	Dioecy	Outcrossing	NA	NA	2	29	3445	1408.32	Actinidia chinensis	NA	94	29	https://doi.org/10.1007/s11295-015-0941-3	58	2	758	48.5627586206896	118.793103448276	2.44617700522608	0.23979289330361	0.280343832919951	0.4910273411484	Long	Dioecy	diploid	0.138424055388539	NA	Superasterids	Viridiplantae	Eukaryota	Magnoliopsida
Angiosperm	Amaranthaceae	Amaranthus	Amaranthus hybridus	wild	Herb	non_woody	Annual	Short	Monoecy	Outcrossing	NA	NA	2	16	1288	616.14	Amaranthus hybridus	480	46	16	https://doi.org/10.3835/plantgenome2010.12.0027	NA	NA	685	38.50875	80.5	2.09043399227448	0.18755541295662	0.220491150723425	0.480472213309789	Short	Outcrossing	diploid	-0.233004768577145	0.779043723829	Superasterids	Viridiplantae	Eukaryota	Magnoliopsida
Angiosperm	Chenopodiaceae	Beta	Beta vulgaris	cultivated	Herb	non_woody	Biannual	Short	Hermaphrodism	Outcrossing	SI	NA	2	9	555	1222.5	Beta vulgaris	284	92	9	https://doi.org/10.1007/s00122-007-0609-y	18	2	1223	135.833333333333	61.6666666666667	0.45398773006135	0.155085535412619	0.181013598818639	0.461676170601402	Short	Outcrossing	diploid	-0.595686568839538	0.232310838445808	Superasterids	Viridiplantae	Eukaryota	Magnoliopsida
Angiosperm	Chenopodiaceae	Chenopodium	Chenopodium quinoa	cultivated	Herb	non_woody	Annual	Short	Hermaphrodism	Selfing	NA	NA	4	18	1404	1447.44	Chenopodium quinoa	511	128	18	https://doi.org/10.3835/plantgenome2012.06.0011	36	4	1447	80.4133333333333	78	0.969988393301277	0.183540404667667	0.215682279332194	0.482418911370426	Short	Selfing	polyploid	-0.320725802650482	0.35303708616592	Superasterids	Viridiplantae	Eukaryota	Magnoliopsida
Angiosperm	Chenopodiaceae	Spinacia	Spinacia oleracea	cultivated	Herb	non_woody	Biannual	Short	Dioecy	Outcrossing	NA	NA	2	6	433.6	1007.3	Spinacia oleracea	283	335	6	https://doi.org/10.1007/s10681-015-1618-6	12	2	1002	167.883333333333	72.2666666666667	0.430457659088653	0.174004495922266	0.204168564265328	0.445667415987044	Short	Dioecy	diploid	-0.45322866849266	0.280949071776035	Superasterids	Viridiplantae	Eukaryota	Magnoliopsida
Angiosperm	Amaryllidaceae	Allium	Allium cepa	cultivated	Herb	non_woody	Biannual	Short	Hermaphrodism	Outcrossing	SC	NA	2	9	808	16381.5	Allium cepa	1435	96	8	https://doi.org/10.1186/s12864-021-07803-y	16	2	16382	1820.16666666667	89.7777777777778	0.0493239324848152	0.201741672151679	0.237271850234049	0.466860185794631	Short	Outcrossing	diploid	-0.418087312806784	0.0875988157372646	Lilioids + Alismatids	Viridiplantae	Eukaryota	Magnoliopsida
Angiosperm	Anacardiaceae	Mangifera	Mangifera indica	cultivated	Tree	woody	Perennial	Long	Hermaphrodism	Outcrossing	SI	NA	4	20	3148.28	440.1	Mangifera indica	6594	173	20	https://doi.org/10.3389/fpls.2016.01310	40	4	440	22.005	157.414	7.15355600999773	0.278926601837498	0.321229992034145	0.488946330091875	Long	Outcrossing	polyploid	0.480310996593381	14.9829584185412	Superrosids	Viridiplantae	Eukaryota	Magnoliopsida
Angiosperm	Apiaceae	Daucus	Daucus carota	cultivated	Herb	non_woody	Biannual	Short	Hermaphrodism	Outcrossing	NA	0.96	2	9	635.1	421.539	Daucus carota	431	188	9	https://doi.org/10.1007/s11032-013-9979-9	18	2	978	46.8376666666667	70.5666666666667	1.50662216307388	0.17108595770135	0.200621116142823	0.46345399530015	Short	Outcrossing	diploid	-0.379642020229195	1.02244394943291	Superrosids	Viridiplantae	Eukaryota	Magnoliopsida
Angiosperm	Apocynaceae	Catharanthus	Catharanthus roseus	wild	Herb	non_woody	Perennial	Long	Hermaphrodism	Mixed	SC	0.66	2	6	1790.4	2376.5	Catharanthus roseus	NA	NA	6	NA	NA	NA	2372	396.083333333333	298.4	0.753376814643383	0.360444282065404	0.395401925438426	0.476740713677567	Medium	Mixed	diploid	0.899358395213941	NA	Superasterids	Viridiplantae	Eukaryota	Magnoliopsida
Angiosperm	Araceae	Anthurium	Anthurium andraeanum	wild	Herb	non_woody	Perennial	Long	Monoecy	Outcrossing	NA	NA	2	15	1023.5	4694.4	Anthurium andraeanum	228	43	15	https://doi.org/10.1016/j.scienta.2014.08.017	NA	NA	4690	312.96	68.2333333333333	0.218025732788003	0.167009906091487	0.195650205073839	0.477800660406099	Medium	Outcrossing	diploid	-0.558172971893631	0.0485685071574642	Lilioids + Alismatids	Viridiplantae	Eukaryota	Magnoliopsida
Angiosperm	Arecaceae	Cocos	Cocos nucifera	cultivated	Tree	woody	Perennial	Long	Monoecy	Mixed	NA	0.7	2	16	2739	3107.106	Cocos nucifera	704	94	16	https://doi.org/10.1007/s11295-008-0168-7	32	2	3472	194.194125	171.1875	0.88152769812166	0.290451580887693	0.332584087141407	0.486903223805481	Long	Mixed	diploid	0.398060660243015	0.226577400320427	Commelinids	Viridiplantae	Eukaryota	Magnoliopsida
Angiosperm	Arecaceae	Elaeis	Elaeis guineensis	cultivated	Tree	woody	Perennial	Long	Monoecy	Outcrossing	NA	NA	2	16	1499.5	1535.18	Elaeis guineensis	1755	NA	16	NA	32	2	1839	95.94875	93.71875	0.976758425722065	0.20744564518467	0.243917707185049	0.481715352824042	Long	Outcrossing	diploid	-0.150611960364514	1.14318842090178	Commelinids	Viridiplantae	Eukaryota	Magnoliopsida
Angiosperm	Arecaceae	Elaeis	Elaeis oleifera	cultivated	Tree	woody	Perennial	Long	Monoecy	Outcrossing	NA	NA	2	16	1485	1402.73	Elaeis oleifera	362	134	16	https://doi.org/10.1007/s11295-013-0629-5	NA	NA	NA	87.670625	92.8125	1.05864991837346	0.206150257161188	0.242413827443315	0.481634391072574	Long	Outcrossing	diploid	-0.15344537246949	0.258068195590028	Commelinids	Viridiplantae	Eukaryota	Magnoliopsida
Angiosperm	Arecaceae	Phoenix	Phoenix dactylifera	cultivated	Tree	woody	Perennial	Long	Dioecy	Outcrossing	NA	NA	2	18	1293	929.1	Phoenix dactylifera	1199	85	18	https://doi.org/10.1186/1471-2164-15-285	36	2	929	51.6166666666667	71.8333333333333	1.39166935744269	0.17326459695732	0.203270203438476	0.481848033164296	Long	Dioecy	diploid	-0.369263489709496	1.29049617909805	Commelinids	Viridiplantae	Eukaryota	Magnoliopsida
Angiosperm	Asteraceae	Carthamus	Carthamus tinctorius	cultivated	Herb	non_woody	Annual	Short	Hermaphrodism	Mixed	SC	NA	2	12	959.44	1369.2	Carthamus tinctorius	1178	96	12	https://doi.org/10.1534/g3.115.026690	24	2	1364	114.1	79.9533333333333	0.70073035349109	0.186684685605793	0.219450348208279	0.473890390467149	Short	Mixed	diploid	-0.322685372338443	0.860356412503652	Superasterids	Viridiplantae	Eukaryota	Magnoliopsida
Angiosperm	Asteraceae	Cichorium	Cichorium intybus	cultivated	Herb	non_woody	Perennial	Long	Hermaphrodism	Outcrossing	SI	NA	2	9	1413	1278.75	Cichorium intybus	1995	198	9	https://doi.org/10.3389/fpls.2019.00276	NA	NA	NA	142.083333333333	157	1.1049853372434	0.278562741094774	0.320866476104056	0.475395860121642	Medium	Outcrossing	diploid	0.335383740206449	1.56011730205279	Superasterids	Viridiplantae	Eukaryota	Magnoliopsida
Angiosperm	Asteraceae	Cynara	Cynara cardunculus	cultivated	Herb	non_woody	Biannual	Short	Hermaphrodism	Outcrossing	SC	NA	2	17	1251.15	1075.8	Cynara cardunculus	708	94	17	https://doi.org/10.1007/s00122-009-1159-2	NA	NA	NA	63.2823529411765	73.5970588235294	1.16299498047964	0.176258994048967	0.206901660412406	0.480956411414645	Short	Outcrossing	diploid	-0.36055225427063	0.658114891243726	Superasterids	Viridiplantae	Eukaryota	Magnoliopsida
Angiosperm	Asteraceae	Helianthus	Helianthus annuus	cultivated	Herb	non_woody	Annual	Short	Hermaphrodism	Outcrossing	SI	NA	2	17	2472	2376.54	Helianthus annuus	9535	93	17	https://doi.org/10.1007/s11032-016-0558-8	34	2	2372	139.796470588235	145.411764705882	1.04016763866798	0.267930230767879	0.310106251868965	0.486348837103993	Short	Outcrossing	diploid	0.259945319792152	4.01213528911779	Superasterids	Viridiplantae	Eukaryota	Magnoliopsida
Angiosperm	Asteraceae	Lactuca	Lactuca sativa	cultivated	Herb	non_woody	Annual	Short	Hermaphrodism	Selfing	SC	NA	2	9	2974	2591.7	Lactuca sativa	13788	213	9	https://doi.org/10.1534/g3.112.004929	18	2	2592	287.966666666667	330.444444444444	1.14750935679284	0.371552893886005	0.404534177545811	0.485728099320667	Short	Selfing	diploid	1.02568212721531	5.32006019215187	Superasterids	Viridiplantae	Eukaryota	Magnoliopsida
Angiosperm	NA	NA	NA	wild	Herb	non_woody	Perennial	Long	Hermaphrodism	Outcrossing	SI	NA	2	8	894.1	1420	Taraxacum koksaghyz	518	94	8	https://doi.org/10.1038/srep31031	NA	NA	NA	177.5	111.7625	0.629647887323944	0.231360416469867	0.271066891419004	0.466420052058733	Medium	Outcrossing	diploid	-0.02146507676768	0.364788732394366	NA	NA	NA	NA
Angiosperm	Betulaceae	Betula	Betula pendula	wild	Tree	woody	Perennial	Long	Monoecy	Outcrossing	SI	NA	2	14	2489.7	1369.2	Betula pendula	592	80	14	https://doi.org/10.1007/s11032-010-9436-y	NA	NA	NA	97.8	177.835714285714	1.81836108676599	0.29563616924061	0.33759171809283	0.485402583517186	Long	Outcrossing	diploid	0.488491983344197	0.432369266725095	Superrosids	Viridiplantae	Eukaryota	Magnoliopsida
Angiosperm	Brassicaceae	Arabidopsis	Arabidopsis halleri	wild	Herb	non_woody	Perennial	Long	Hermaphrodism	Outcrossing	NA	NA	2	8	567	234.72	Arabidopsis halleri	85	199	8	https://doi.org/10.1534/genetics.106.064485	16	2	235	29.34	70.875	2.41564417177914	0.171618471337837	0.201269141609769	0.45895230891723	Medium	Outcrossing	diploid	-0.339598084141462	0.362133605998637	Superrosids	Viridiplantae	Eukaryota	Magnoliopsida
Angiosperm	Brassicaceae	Arabidopsis	Arabidopsis thaliana	wild	Herb	non_woody	Annual	Short	Hermaphrodism	Selfing	NA	0.003	2	5	422.5	123.5	Arabidopsis thaliana	676	100	5	https://doi.org/10.1371/journal.pgen.0020144	10	2	156	24.7	84.5	3.42105263157895	0.193806405940622	0.227927525728824	0.438761281188124	Short	Selfing	diploid	-0.150630920972018	5.47368421052632	Superrosids	Viridiplantae	Eukaryota	Magnoliopsida
Angiosperm	Brassicaceae	Barbarea	Barbarea vulgaris	wild	Herb	non_woody	Annual_Perennial	Short	Hermaphrodism	Outcrossing	NA	NA	2	8	889	167.352	Barbarea vulgaris	131	129	8	https://doi.org/10.1016/j.phytochem.2010.11.007	NA	NA	NA	20.919	111.125	5.31215641283044	0.230572681191829	0.270192108901619	0.466321585148979	Short	Outcrossing	diploid	0.135948644886827	0.782781203690425	Superrosids	Viridiplantae	Eukaryota	Magnoliopsida
Angiosperm	Brassicaceae	Boechera	Boechera stricta	wild	Herb	non_woody	Perennial	Long	Hermaphrodism	Selfing	SC	NA	2	7	499.637	185.68	Boechera stricta	NA	159	7	https://doi.org/10.1038/s41559-017-0119	NA	NA	235	26.5257142857143	71.3767142857143	2.69084984920293	0.172481954732989	0.202319215515208	0.453211707818998	Medium	Selfing	diploid	-0.32485118838196	NA	Superrosids	Viridiplantae	Eukaryota	Magnoliopsida
Angiosperm	Brassicaceae	Brassica	Brassica rapa	cultivated	Herb	non_woody	Annual	Short	Hermaphrodism	Outcrossing	SI	NA	2	10	973.3	567.24	Brassica campestris	614	127	9	https://doi.org/10.1016/S1673-8527(08)60140-X	18	2	562	56.724	97.33	1.71585219660109	0.212513511056831	0.249769755461184	0.471251351105683	Short	Outcrossing	diploid	-0.0727031164473202	1.0824342430012	Superrosids	Viridiplantae	Eukaryota	Magnoliopsida
Angiosperm	Brassicaceae	Brassica	Brassica carinata	cultivated	Herb	non_woody	Annual	Short	Hermaphrodism	Mixed	SC	0.3	4	17	2048	1545.24	Brassica carinata	4031	185	17	https://doi.org/10.1007/s00122-014-2321-z	34	4	1540	90.8964705882353	120.470588235294	1.32536046180529	0.241737906203805	0.282460669602201	0.484808112129636	Short	Mixed	polyploid	0.104622218842605	2.60865626051617	Superrosids	Viridiplantae	Eukaryota	Magnoliopsida
Angiosperm	Brassicaceae	Brassica	Brassica juncea	cultivated	Herb	non_woody	Biannual	Short	Hermaphrodism	Mixed	SC	0.2	4	18	1579	1496.34	Brassica juncea	3329	168	18	https://doi.org/10.1186/s12864-015-2343-1	36	4	1491	83.13	87.7222222222222	1.05524145581886	0.198692306065587	0.233694213022957	0.48326068367031	Short	Mixed	polyploid	-0.20579419229632	2.22476175200823	Superrosids	Viridiplantae	Eukaryota	Magnoliopsida
Angiosperm	Brassicaceae	Brassica	Brassica napus	cultivated	Herb	non_woody	Biannual	Short	Hermaphrodism	Outcrossing	NA	NA	4	19	1917.9	1124.7	Brassica napus	1826	200	19	https://doi.org/10.1038/srep33113	38	4	1125	59.1947368421053	100.942105263158	1.70525473459589	0.217436358076669	0.255404958435918	0.485128229372456	Short	Outcrossing	polyploid	-0.0395159319069602	1.62354405619276	Superrosids	Viridiplantae	Eukaryota	Magnoliopsida
Angiosperm	Brassicaceae	Brassica	Brassica oleracea	cultivated	Herb	non_woody	Biannual	Short	Hermaphrodism	Outcrossing	SI	NA	2	9	890.01	762.8	Brassica oleracea	1776	79	9	https://doi.org/10.3389/fpls.2016.00334	NA	NA	758	84.7555555555555	98.89	1.16676717357105	0.214657216284474	0.252229747049808	0.46829524625383	Short	Outcrossing	diploid	-0.0874387529250313	2.32826428945988	Superrosids	Viridiplantae	Eukaryota	Magnoliopsida
Angiosperm	Brassicaceae	Brassica	Brassica rapa	cultivated	Herb	non_woody	Biannual	Short	Hermaphrodism	Outcrossing	SI	NA	2	10	858.98	782.4	Brassica rapa	NA	NA	10	NA	20	2	782	78.24	85.898	1.09787832310838	0.195942297974997	0.230453556184182	0.4695942297975	Short	Outcrossing	diploid	-0.22218378718691	NA	Superrosids	Viridiplantae	Eukaryota	Magnoliopsida
Angiosperm	Brassicaceae	Camelina	Camelina sativa	cultivated	Herb	non_woody	Annual	Short	Hermaphrodism	Selfing	SC	NA	6	20	1385.6	641.356	Camelina sativa	160	187	20	https://doi.org/10.1139/g06-117	NA	NA	NA	32.0678	69.28	2.16042260460649	0.168848462775913	0.197894691077968	0.483442423138796	Short	Selfing	polyploid	-0.369141904395142	0.249471432402597	Superrosids	Viridiplantae	Eukaryota	Magnoliopsida
Angiosperm	Brassicaceae	Capsella	Capsella bursa-pastoris	wild	Herb	non_woody	Annual	Short	Hermaphrodism	Selfing	NA	NA	4	16	1064.4	391.2	Capsella bursa-pastoris	NA	NA	16	https://doi.org/10.1006/anbo.2000.1308	32	4	391	24.45	66.525	2.72085889570552	0.163973059028156	0.191935084693706	0.47899831618926	Short	Selfing	polyploid	-0.38902852757553	NA	Superrosids	Viridiplantae	Eukaryota	Magnoliopsida
Angiosperm	Brassicaceae	Capsella	Capsella rubella	wild	Herb	non_woody	Annual	Short	Hermaphrodism	Selfing	NA	NA	2	8	381.8263	122.04	Capsella rubella	768	550	8	https://doi.org/10.1038/ng.2669	16	2	215	15.255	47.7282875	3.12869796787938	0.127363244767101	0.14667646663674	0.453420405595888	Short	Selfing	diploid	-0.685093861036722	6.29301868239921	Superrosids	Viridiplantae	Eukaryota	Magnoliopsida
Angiosperm	Brassicaceae	Draba	Draba nivalis	wild	Herb	non_woody	Perennial	Long	Hermaphrodism	Selfing	NA	NA	2	9	1067.8024	268.73	Draba nivalis	NA	NA	8	https://doi.org/10.1371/journal.pgen.1010141	16	2	308	29.8588888888889	118.644711111111	3.97351393592081	0.239619621706324	0.280154833445497	0.471068846856258	Medium	Selfing	diploid	0.174280116519618	NA	Superrosids	Viridiplantae	Eukaryota	Magnoliopsida
Angiosperm	Brassicaceae	Raphanus	Raphanus sativus	cultivated	Herb	non_woody	Annual	Short	Hermaphrodism	Outcrossing	SI	NA	2	9	1538	978	Raphanus sativus	2637	93	9	https://doi.org/10.1007/s00122-014-2426-4	18	2	538	108.666666666667	170.888888888889	1.57259713701432	0.290213167152038	0.332352328827882	0.476690351905782	Short	Outcrossing	diploid	0.440607321773682	2.69631901840491	Superrosids	Viridiplantae	Eukaryota	Magnoliopsida
Angiosperm	Brassicaceae	Sinapis	Sinapis alba	cultivated	Herb	non_woody	Annual	Short	Hermaphrodism	Outcrossing	SI	NA	2	12	890.4	489	Sinapis alba	264	150	12	https://doi.org/10.1186/1471-2229-13-142	24	3	489	40.75	74.2	1.82085889570552	0.177272326057427	0.208127973170542	0.473106027171452	Short	Outcrossing	diploid	-0.31881361395274	0.539877300613497	Superrosids	Viridiplantae	Eukaryota	Magnoliopsida
Angiosperm	Bromeliaceae	Ananas	Ananas comosus	cultivated	Herb	non_woody	Perennial	Long	Hermaphrodism	Outcrossing	SI	NA	2	25	2113	537.9	Ananas comosus	741	135	25	https://doi.org/10.1016/j.scienta.2013.04.018	NA	NA	538	21.516	84.52	3.92823944971184	0.193837138136729	0.227963926564128	0.487753485525469	Medium	Outcrossing	diploid	-0.139865610434078	1.37757947573898	Commelinids	Viridiplantae	Eukaryota	Magnoliopsida
Angiosperm	Calycanthaceae	Chimonanthus	Chimonanthus praecox	wild	Shrub	woody	Perennial	Long	Hermaphrodism	Outcrossing	NA	NA	2	11	1801	600	Chimonanthus praecox	165	64	11	https://doi.org/10.1016/j.scienta.2009.12.008	NA	NA	NA	54.5454545454545	163.727272727273	3.00166666666667	0.284346223859425	0.326607765509373	0.480395111259948	Long	Outcrossing	diploid	0.450379477076724	0.275	Magnoliids	Viridiplantae	Eukaryota	Magnoliopsida
Angiosperm	Cannabaceae	Humulus	Humulus lupulus	cultivated	Liana	woody	Perennial	Long	Dioecy	Outcrossing	NA	NA	2	10	745.9	2836.2	Humulus lupulus	NA	NA	10	https://doi.org/10.1007/s10681-011-0403-4	NA	NA	2836	283.62	74.59	0.262992736760454	0.177925005247794	0.208917112937117	0.467792500524779	Long	Dioecy	diploid	-0.46158963008649	NA	Superrosids	Viridiplantae	Eukaryota	Magnoliopsida
Angiosperm	Caricaceae	Carica	Carica papaya	cultivated	Tree	woody	Perennial	Long	Dioecy	Outcrossing	NA	NA	2	18	1069.9	372	Carica papaya	707	54	9	https://doi.org/10.1534/genetics.107.081463	18	2	367	20.6666666666667	59.4388888888889	2.8760752688172	0.15088191557934	0.175826761031607	0.480604550865519	Long	Dioecy	diploid	-0.488832493394843	1.9005376344086	Superrosids	Viridiplantae	Eukaryota	Magnoliopsida
Angiosperm	Caryophyllaceae	Dianthus	Dianthus caryophyllus	wild	Herb	non_woody	Perennial	Long	Hermaphrodism	Outcrossing	SI	NA	2	15	978.3	616.14	Dianthus caryophyllus	412	91	15	https://doi.org/10.1186/1471-2164-14-734	NA	NA	611	41.076	65.22	1.58778848962898	0.161622662919526	0.189053497330255	0.477441510861302	Medium	Outcrossing	diploid	-0.448419493739152	0.668679196286558	Superasterids	Viridiplantae	Eukaryota	Magnoliopsida
Angiosperm	Caryophyllaceae	Silene	Silene latifolia	wild	Herb	non_woody	Perennial	Long	Dioecy	Outcrossing	NA	NA	2	12	671.1	2640.6	Silene latifolia	407	87	12	https://doi.org/10.1534/genetics.113.150755	24	2	2641	220.05	55.925	0.254146784821631	0.144081099928204	0.167413779014535	0.470340091660684	Medium	Dioecy	diploid	-0.730223392025184	0.154131636749224	Superasterids	Viridiplantae	Eukaryota	Magnoliopsida
Angiosperm	Convolvulaceae	Ipomoea	Ipomoea batatas	cultivated	Herb	non_woody	Perennial	Long	Hermaphrodism	Outcrossing	SI	NA	6	90	8184.5	837	Ipomoea batatas	2077	202	45	https://doi.org/10.1007/s11032-013-9908-y	60	4	1467	9.3	90.9388888888889	9.77837514934289	0.203441433898089	0.239258689627168	0.49670490482109	Medium	Outcrossing	polyploid	-0.00267448530957726	2.48148148148148	Superasterids	Viridiplantae	Eukaryota	Magnoliopsida
Angiosperm	Cornaceae	Cornus	Cornus florida	wild	Tree	woody	Perennial	Long	Hermaphrodism	Outcrossing	SI	NA	2	7	1175	1545.24	Cornus florida	271	94	7	https://doi.org/10.1007/s10681-008-9802-6	NA	NA	NA	220.748571428571	167.857142857143	0.760399679014263	0.287764784828941	0.329964709000726	0.469680683546992	Long	Outcrossing	diploid	0.368636567956801	0.175377287670524	Superasterids	Viridiplantae	Eukaryota	Magnoliopsida
Angiosperm	Cucurbitaceae	Citrullus	Citrullus lanatus	cultivated	Vine	non_woody	Annual	Short	Monoecy	Mixed	NA	0.76	2	11	1096	440.1	Citrullus lanatus	NA	NA	11	NA	NA	NA	NA	40.0090909090909	99.6363636363636	2.49034310384004	0.215673329264741	0.253392513470816	0.474152120842249	Short	Mixed	diploid	-0.0226506944872326	NA	Superrosids	Viridiplantae	Eukaryota	Magnoliopsida
Angiosperm	Cucurbitaceae	Cucumis	Cucumis melo	cultivated	Vine	non_woody	Annual	Short	Hermaphrodism	Mixed	SC	NA	2	12	1150	929.1	Cucumis melo	354	159	12	https://doi.org/10.1007/s11032-010-9421-5	NA	NA	929	77.425	95.8333333333333	1.23775696910989	0.210431207363727	0.247371381808961	0.475869267280311	Short	Mixed	diploid	-0.111934895060054	0.381013884404262	Superrosids	Viridiplantae	Eukaryota	Magnoliopsida
Angiosperm	Cucurbitaceae	Cucumis	Cucumis sativus	cultivated	Vine	non_woody	Annual	Short	Monoecy	Mixed	NA	NA	2	7	1061.19	195.669	Cucumis sativus	3077	153	7	https://doi.org/10.3389/fpls.2016.00437	14	2	880	27.9527142857143	151.598571428571	5.42339358815142	0.273716340262777	0.315994960651989	0.467673762894682	Short	Mixed	diploid	0.424415548459513	15.7255364927505	Superrosids	Viridiplantae	Eukaryota	Magnoliopsida
Angiosperm	Cucurbitaceae	Cucurbita	Cucurbita maxima	cultivated	Vine	non_woody	Annual	Short	Monoecy	Mixed	SC	NA	2	20	2533.8	449.88	Cucurbita maxima	458	186	20	https://doi.org/10.1186/s12864-015-2312-8	40	NA	450	22.494	126.69	5.63216857828754	0.248735031115739	0.290003627410673	0.487436751555787	Short	Mixed	diploid	0.261498083097216	1.0180492575798	Superrosids	Viridiplantae	Eukaryota	Magnoliopsida
Angiosperm	Cucurbitaceae	Cucurbita	Cucurbita moschata	cultivated	Vine	non_woody	Annual	Short	Monoecy	Mixed	SC	NA	2	20	1936	420.54	Cucurbita moschata	182	94	20	https://doi.org/10.1139/G08-072	40	NA	416	21.027	96.8	4.6036048889523	0.211779016134382	0.24892476058582	0.485588950806719	Short	Mixed	diploid	-0.00245291457333687	0.432776905882912	Superrosids	Viridiplantae	Eukaryota	Magnoliopsida
Angiosperm	Cucurbitaceae	Cucurbita	Cucurbita pepo	cultivated	Vine	non_woody	Annual	Short	Monoecy	Mixed	SC	NA	2	20	2817.6	537.9	Cucurbita pepo	7718	120	20	https://doi.org/10.1111/pbi.12860	40	NA	538	26.895	140.88	5.23814835471277	0.263524377458238	0.305569127983628	0.488176218872912	Short	Mixed	diploid	0.354030806711952	14.3483918944042	Superrosids	Viridiplantae	Eukaryota	Magnoliopsida
Angiosperm	Cucurbitaceae	Luffa	Luffa acutangula	cultivated	Vine	non_woody	Annual	Short	Monoecy	Mixed	NA	NA	2	13	1436.12	831.3	Luffa acutangula	177	186	13	https://doi.org/10.3389/fpls.2016.00980	NA	NA	NA	63.9461538461538	110.470769230769	1.72755924455672	0.229760162169582	0.269288361257513	0.479212320166891	Short	Mixed	diploid	0.0447975488712752	0.212919523637676	Superrosids	Viridiplantae	Eukaryota	Magnoliopsida
Angiosperm	Cucurbitaceae	Momordica	Momordica charantia	cultivated	Herb	non_woody	Annual	Short	Dioecy	Outcrossing	NA	NA	2	11	1551.702	291.58	Momordica charantia	NA	NA	11	https://doi.org/10.1073/pnas.1921016117	22	2	2005	26.5072727272727	141.063818181818	5.32170244872762	0.263705939946506	0.305757008387326	0.478518721813319	Short	Dioecy	diploid	0.356442583631654	NA	Superrosids	Viridiplantae	Eukaryota	Magnoliopsida
Angiosperm	Dioscoreaceae	Dioscorea	Dioscorea alata	cultivated	Herb	non_woody	Perennial	Long	Dioecy	Outcrossing	NA	NA	4	21	2820.263	606.68	Dioscorea alata	5837	189	20	https://doi.org/10.1007/s00122-019-03311-6	40	4	562	28.8895238095238	134.298238095238	4.64868299597811	0.256858707466922	0.29861749783739	0.488421843212711	Medium	Dioecy	polyploid	0.300727569652229	9.62121711610734	Lilioids + Alismatids	Viridiplantae	Eukaryota	Magnoliopsida
Angiosperm	Ericaceae	Vaccinium	Vaccinium corymbosum	cultivated	Shrub	woody	Perennial	Long	Hermaphrodism	Mixed	SI	NA	2	12	1621	655.26	Vaccinium corymbosum	785	NA	12	https://doi.org/10.1007/s11032-016-0443-5	24	2	650	54.605	135.083333333333	2.47382718310289	0.257670969944995	0.299470227907635	0.479805914162083	Long	Mixed	diploid	0.25798603768442	1.19799774135458	Superasterids	Viridiplantae	Eukaryota	Magnoliopsida
Angiosperm	Ericaceae	Vaccinium	Vaccinium macrocarpon	cultivated	Shrub	woody	Perennial	Long	Hermaphrodism	Outcrossing	SI	NA	2	12	1112	414.622	Vaccinium macrocarpon	4849	362	12	https://doi.org/10.1186/s12864-016-2802-3	NA	NA	NA	34.5518333333333	92.6666666666667	2.68196091861985	0.205940905136787	0.242170478174491	0.475495075428066	Long	Outcrossing	diploid	-0.083981281074327	11.6949896532263	Superasterids	Viridiplantae	Eukaryota	Magnoliopsida
Angiosperm	Eucommiaceae	Eucommia	Eucommia ulmoides	wild	Tree	woody	Perennial	Long	Dioecy	Outcrossing	NA	NA	2	17	2133	723.72	Eucommia ulmoides	706	152	17	https://doi.org/10.3390/ijms15022053	34	2	724	42.5717647058824	125.470588235294	2.94727242580003	0.247389139782138	0.288561583745684	0.485140537634243	Long	Dioecy	diploid	0.20315699149732	0.975515392693307	Superasterids	Viridiplantae	Eukaryota	Magnoliopsida
Angiosperm	Euphorbiaceae	Hevea	Hevea brasiliensis	cultivated	Tree	woody	Perennial	Long	Hermaphrodism	Outcrossing	SI	NA	2	18	4160	2102.7	Hevea brasiliensis	12326	149	18	https://doi.org/10.1371/journal.pone.0121961	36	2	2103	116.816666666667	231.111111111111	1.9784087126076	0.329999361509127	0.369286067133987	0.49055552008384	Long	Outcrossing	diploid	0.736974925692806	5.86198696913492	Superrosids	Viridiplantae	Eukaryota	Magnoliopsida
Angiosperm	Euphorbiaceae	Jatropha	Jatropha curcas	cultivated	Shrub	woody	Perennial	Long	Hermaphrodism	Mixed	SC	0.68	2	11	1655.8	420.54	Jatropha curcas	1208	190	11	https://doi.org/10.1111/tpj.12761	22	2	416	38.2309090909091	150.527272727273	3.9373186854996	0.272732759718342	0.314999522913239	0.479339341792577	Long	Mixed	diploid	0.393434764650295	2.87249726542065	Superrosids	Viridiplantae	Eukaryota	Magnoliopsida
Angiosperm	Euphorbiaceae	Manihot	Manihot esculenta	cultivated	Shrub	woody	Perennial	Long	Hermaphrodism	Mixed	NA	NA	2	18	2412	1222.5	Manihot esculenta	22403	3480	18	https://doi.org/10.1534/g3.114.015008	72	2	807	67.9166666666667	134	1.97300613496933	0.256548903687587	0.298291849008176	0.486474939093755	Long	Mixed	diploid	0.233290616138044	18.3255623721881	Superrosids	Viridiplantae	Eukaryota	Magnoliopsida
Angiosperm	Euphorbiaceae	Ricinus	Ricinus communis	wild	Shrub	woody	Perennial	Long	Monoecy	Outcrossing	NA	NA	2	10	1551	508.56	Ricinus communis	336	190	10	https://doi.org/10.1016/j.indcrop.2016.10.026	NA	NA	509	50.856	155.1	3.04978763567721	0.276879125629402	0.319180405261976	0.47768791256294	Long	Outcrossing	diploid	0.401590615188159	0.660689004247286	Superrosids	Viridiplantae	Eukaryota	Magnoliopsida
Angiosperm	Fabaceae	Acacia	Acacia mangium	wild	Tree	woody	Perennial	Long	Hermaphrodism	Outcrossing	SC	0.97	2	13	966	635.7	Acacia mangium	249	175	13	https://doi.org/10.1007/s001220051521	26	2	636	48.9	74.3076923076923	1.51958470976876	0.177452770250615	0.208346200927163	0.475188674634663	Long	Outcrossing	diploid	-0.331272789125189	0.391694195375177	Superrosids	Viridiplantae	Eukaryota	Magnoliopsida
Angiosperm	Fabaceae	Arachis	Arachis hypogaea	cultivated	Herb	non_woody	Annual	Short	Hermaphrodism	Selfing	SC	NA	4	20	1446.7	2806.86	Arachis hypogaea	1765	166	20	https://doi.org/10.1186/1471-2164-15-351	40	4	2807	140.343	72.335	0.515415802711927	0.174120921453331	0.20430986255304	0.483706046072667	Short	Selfing	polyploid	-0.438613724314195	0.628816542328438	Superrosids	Viridiplantae	Eukaryota	Magnoliopsida
Angiosperm	Fabaceae	Cajanus	Cajanus cajan	cultivated	Herb	non_woody	Perennial	Long	Hermaphrodism	Mixed	SC	NA	2	11	1059	860.64	Cajanus cajan	339	188	11	https://doi.org/10.1007/s00122-012-1916-5	22	2	856	78.24	96.2727272727273	1.23047964305633	0.211045159846339	0.248079423385547	0.473731378167849	Medium	Mixed	diploid	-0.108159260215955	0.393892916899052	Superrosids	Viridiplantae	Eukaryota	Magnoliopsida
Angiosperm	Fabaceae	Cicer	Cicer arietinum	cultivated	Herb	non_woody	Annual	Short	Hermaphrodism	Selfing	SC	0.01	2	8	1083.93	929.1	Cicer arietinum	6698	129	8	https://doi.org/10.1038/srep13387	16	2	929	116.1375	135.49125	1.16664514045851	0.258091135084624	0.299910714483298	0.469761391885578	Short	Selfing	diploid	0.203428239915392	7.20912711225918	Superrosids	Viridiplantae	Eukaryota	Magnoliopsida
Angiosperm	Fabaceae	Glycine	Glycine max	cultivated	Herb	non_woody	Annual	Short	Hermaphrodism	Selfing	SC	0.05	2	20	2445.8	1105.14	Glycine max	21478	2005	20	https://doi.org/10.1186/s12864-015-2344-0	40	2	1100	55.257	122.29	2.21311327071683	0.243819331801196	0.284716322961036	0.48719096659006	Short	Selfing	diploid	0.157583896637574	19.4346417648443	Superrosids	Viridiplantae	Eukaryota	Magnoliopsida
Angiosperm	Fabaceae	Lens	Lens culinaris	cultivated	Herb	non_woody	Annual	Short	Hermaphrodism	Selfing	SC	0.05	2	7	2429.61	4107.6	Lens culinaris	689	79	7	https://doi.org/10.3389/fpls.2016.01604	14	2	4108	586.8	347.087142857143	0.591491381828805	0.376676042616914	0.408681927841587	0.482382291802416	Short	Selfing	diploid	1.02051249434062	0.167737851786932	Superrosids	Viridiplantae	Eukaryota	Magnoliopsida
Angiosperm	Fabaceae	Lotus	Lotus japonicus	wild	Herb	non_woody	Perennial	Long	Hermaphrodism	Selfing	NA	NA	2	6	508.5	469.44	Lotus japonicus	1588	94	6	https://doi.org/10.1093/dnares/dsn022	12	2	465	78.24	84.75	1.08320552147239	0.194190190120964	0.228381985247452	0.449031698353494	Medium	Selfing	diploid	-0.235638586758432	3.38275391956374	Superrosids	Viridiplantae	Eukaryota	Magnoliopsida
Angiosperm	Fabaceae	Lupinus	Lupinus albus	cultivated	Herb	non_woody	Annual	Short	Hermaphrodism	Selfing	SC	0.05	2	25	2169	586.8	Lupinus albus	441	96	26	https://doi.org/10.1270/jsbbs.63.292	NA	NA	587	23.472	86.76	3.69631901840491	0.197246949631016	0.231992637558603	0.487889877985241	Short	Selfing	diploid	-0.12034630593664	0.751533742331288	Superrosids	Viridiplantae	Eukaryota	Magnoliopsida
Angiosperm	Fabaceae	Lupinus	Lupinus angustifolius	wild	Herb	non_woody	Annual	Short	Hermaphrodism	Selfing	SC	0.1	2	20	1629.9	1153	Lupinus angustifolius	8244	94	20	https://doi.org/10.1371/journal.pone.0064799	40	2	905	57.65	81.495	1.41361665221162	0.189129997901319	0.22237027672768	0.484456499895066	Short	Selfing	diploid	-0.251504083259018	7.15004336513443	Superrosids	Viridiplantae	Eukaryota	Magnoliopsida
Angiosperm	Fabaceae	Medicago	Medicago sativa	cultivated	Herb	non_woody	Perennial	Long	Hermaphrodism	Outcrossing	SC	NA	4	32	2133	1276.29	Medicago sativa	3591	384	16	https://doi.org/10.1534/g3.114.012245	16	2	841	39.8840625	66.65625	1.67125026443833	0.164207976993177	0.192222803025009	0.489506499281037	Medium	Outcrossing	polyploid	-0.424390290722711	2.81362386291517	Superrosids	Viridiplantae	Eukaryota	Magnoliopsida
Angiosperm	Fabaceae	Medicago	Medicago truncatula	wild	Herb	non_woody	Annual	Short	Hermaphrodism	Selfing	NA	0.03	2	8	1215	469.44	Medicago truncatula	188	177	8	https://doi.org/10.1534/g3.112.003269	16	2	465	58.68	151.875	2.58819018404908	0.273968913809035	0.316250210426186	0.471746114226129	Short	Selfing	diploid	0.369661046468548	0.400477164280845	Superrosids	Viridiplantae	Eukaryota	Magnoliopsida
Angiosperm	Fabaceae	Phaseolus	Phaseolus vulgaris	cultivated	Herb	non_woody	Annual	Short	Hermaphrodism	Selfing	SC	0.05	2	11	1042.2	586.8	Phaseolus vulgaris	7040	267	11	https://doi.org/10.1534/g3.115.020594	22	2	587	53.3454545454545	94.7454545454545	1.7760736196319	0.208901668442565	0.245604201863532	0.47353651531296	Short	Selfing	diploid	-0.0949315849128058	11.9972733469666	Superrosids	Viridiplantae	Eukaryota	Magnoliopsida
Angiosperm	Fabaceae	Pisum	Pisum fulvum	wild	Herb	non_woody	Annual	Short	Hermaphrodism	Mixed	NA	NA	2	8	2377.1854	3232.97	Pisum fulvum	12058	84	7	https://doi.org/10.3389/fpls.2018.00167	14	2	4597	404.12125	297.148175	0.735294605270077	0.359972999704364	0.395010115606786	0.482496624963045	Short	Mixed	diploid	0.893621734776605	3.72969746084869	Superrosids	Viridiplantae	Eukaryota	Magnoliopsida
Angiosperm	Fabaceae	Pisum	Pisum sativum	cultivated	Vine	non_woody	Annual	Short	Hermaphrodism	Mixed	SC	0.3	2	7	1255	4772.64	Pisum sativum	64263	48	7	https://doi.org/10.1186/s12864-016-2447-2	14	2	4768	681.805714285714	179.285714285714	0.262957189312414	0.296736359300428	0.338646473561079	0.470962337042918	Short	Mixed	diploid	0.348469029359891	13.4648747862818	Superrosids	Viridiplantae	Eukaryota	Magnoliopsida
Angiosperm	Fabaceae	Trifolium	Trifolium pratense	wild	Herb	non_woody	Perennial	Long	Hermaphrodism	Outcrossing	SI	NA	2	7	2084	528.12	Trifolium pratense	2153	155	7	https://doi.org/10.1038/srep30358	14	2	418	75.4457142857143	297.714285714286	3.94607286222828	0.360186502240676	0.39518766047109	0.480026643177239	Medium	Outcrossing	diploid	1.02356444630837	4.07672498674544	Superrosids	Viridiplantae	Eukaryota	Magnoliopsida
Angiosperm	Fabaceae	Trifolium	Trifolium repens	wild	Herb	non_woody	Perennial	Long	Hermaphrodism	Outcrossing	SI	NA	4	16	1274	1095.36	Trifolium repens	1109	184	16	https://doi.org/10.1186/1471-2164-14-388	32	4	1093	68.46	79.625	1.16308793456033	0.186159786699648	0.218822357361668	0.480384986668728	Medium	Outcrossing	polyploid	-0.287828969894789	1.01245252702308	Superrosids	Viridiplantae	Eukaryota	Magnoliopsida
Angiosperm	Fabaceae	Trifolium	Trifolium subterraneum	wild	Herb	non_woody	Annual	Short	Hermaphrodism	Selfing	SC	NA	2	8	1701.7	547.68	Trifolium subterraneum	343	188	8	https://doi.org/10.1007/s11032-011-9612-8	16	2	543	68.46	212.7125	3.1071063394683	0.319408906608661	0.359785690261797	0.477426113326083	Short	Selfing	diploid	0.694784404910439	0.626278118609407	Superrosids	Viridiplantae	Eukaryota	Magnoliopsida
Angiosperm	Fabaceae	Vicia	Vicia faba	cultivated	Herb	non_woody	Annual	Short	Hermaphrodism	Mixed	SC	NA	2	6	1216.8	17622.582	Vicia faba	1103	95	6	https://doi.org/10.1016/j.plantsci.2013.11.014	12	2	13032	2937.097	202.8	0.0690477706388315	0.313185049751693	0.354093881686059	0.468864174958615	Short	Mixed	diploid	0.360290701355561	0.0625901471191906	Superrosids	Viridiplantae	Eukaryota	Magnoliopsida
Angiosperm	Fabaceae	Vigna	Vigna angularis	cultivated	Vine	non_woody	Annual	Short	Hermaphrodism	Selfing	SC	NA	2	11	1628.15	537.9	Vigna angularis	2032	153	11	https://doi.org/10.1038/srep39523	22	2	538	48.9	148.013636363636	3.02686372931772	0.270395043231473	0.312624451431639	0.479126822111952	Short	Selfing	diploid	0.357817141235676	3.77765383900353	Superrosids	Viridiplantae	Eukaryota	Magnoliopsida
Angiosperm	Fabaceae	Vigna	Vigna mungo	cultivated	Vine	non_woody	Annual	Short	Hermaphrodism	Selfing	SC	NA	2	11	865.1	537.9	Vigna mungo	428	104	11	https://doi.org/10.1139/G08-050	22	2	538	48.9	78.6454545454545	1.60829150399703	0.184585139473691	0.21693592627328	0.471325921770335	Short	Selfing	diploid	-0.274537431488212	0.795686930656256	Superrosids	Viridiplantae	Eukaryota	Magnoliopsida
Angiosperm	Fabaceae	Vigna	Vigna radiata	cultivated	Vine	non_woody	Annual	Short	Hermaphrodism	Selfing	SC	0.04	2	11	732.9	894.87	Vigna radiata	560	201	11	https://doi.org/10.1016/j.cj.2016.06.010	NA	NA	513	81.3518181818182	66.6272727272727	0.819001642696705	0.164156135018393	0.192159313665508	0.469468739547127	Short	Selfing	diploid	-0.479205854188091	0.625789220780672	Superrosids	Viridiplantae	Eukaryota	Magnoliopsida
Angiosperm	Fabaceae	Vigna	Vigna unguiculata	cultivated	Vine	non_woody	Annual_Perennial	Short	Hermaphrodism	Selfing	SC	0.05	2	11	852.4	586.8	Vigna unguiculata	226	NA	11	https://doi.org/10.1139/g11-078	22	2	587	53.3454545454545	77.4909090909091	1.45262440354465	0.182712352107679	0.214687500976964	0.471155668373425	Short	Selfing	diploid	-0.295964827163458	0.385139740967962	Superrosids	Viridiplantae	Eukaryota	Magnoliopsida
Angiosperm	Fabaceae	Vigna	Vigna vexillata	wild	Vine	non_woody	Perennial	Long	Hermaphrodism	Mixed	SC	0.4	2	11	973.9	567.24	Vigna vexillata	82	300	11	https://doi.org/10.1371/journal.pone.0138942	22	2	562	51.5672727272727	88.5363636363636	1.71690994993301	0.199906264368188	0.235120493131766	0.472718751306199	Medium	Mixed	diploid	-0.160125713680224	0.144559622029476	Superrosids	Viridiplantae	Eukaryota	Magnoliopsida
Angiosperm	Fagaceae	Castanea	Castanea mollissima	cultivated	Tree	woody	Perennial	Long	Monoecy	Outcrossing	SI	NA	2	12	743	833.241	Castanea mollissima	1396	337	12	https://doi.org/10.1007/s11295-012-0579-3	NA	NA	NA	69.43675	61.9166666666667	0.891698800227065	0.155552145260025	0.181588597521616	0.471296012105002	Long	Outcrossing	diploid	-0.540448476078508	1.67538563272811	Superrosids	Viridiplantae	Eukaryota	Magnoliopsida
Angiosperm	Gentianaceae	Gentiana	Gentiana scabra	wild	Herb	non_woody	Perennial	Long	Hermaphrodism	Outcrossing	NA	NA	2	13	613.7	5000	Gentiana scabra	263	93	13	https://doi.org/10.1186/1471-2164-13-672	NA	NA	NA	384.615384615385	47.2076923076923	0.12274	0.12625920983941	0.145306740141455	0.471250708449185	Medium	Outcrossing	diploid	-0.942278129846463	0.0526	Superasterids	Viridiplantae	Eukaryota	Magnoliopsida
Angiosperm	Gesneriaceae	Primulina	Primulina eburnea	wild	Herb	non_woody	Perennial	Long	Hermaphrodism	Outcrossing	NA	NA	2	18	3774.7	1985.34	Primulina eburnea	232	189	18	https://doi.org/10.1007/s12041-016-0650-1	NA	NA	NA	110.296666666667	209.705555555556	1.90128642952844	0.317561590194698	0.358104835932702	0.489864532788594	Medium	Outcrossing	diploid	0.644162311696995	0.11685655857435	Superasterids	Viridiplantae	Eukaryota	Magnoliopsida
Angiosperm	Juglandaceae	Juglans	Juglans regia	cultivated	Tree	woody	Perennial	Long	Monoecy	Outcrossing	NA	0.98	2	16	2457.82	606.36	Juglans regia	2577	84	16	https://doi.org/10.1186/s12864-015-1822-8	NA	NA	606	37.8975	153.61375	4.05340062009367	0.275546242107319	0.317840847078929	0.485971640131707	Long	Outcrossing	diploid	0.414400064666068	4.24995052444093	Superrosids	Viridiplantae	Eukaryota	Magnoliopsida
Angiosperm	Lamiaceae	Salvia	Salvia miltiorrhiza	cultivated	Herb	non_woody	Perennial	Long	Hermaphrodism	Outcrossing	NA	NA	2	8	1516	615	Salvia miltiorrhiza	5164	96	8	https://doi.org/10.1038/srep24070	NA	NA	NA	76.875	189.5	2.4650406504065	0.30419270251174	0.345723049432617	0.475524087813967	Medium	Outcrossing	diploid	0.570387436719095	8.39674796747967	Superasterids	Viridiplantae	Eukaryota	Magnoliopsida
Angiosperm	Lauraceae	Persea	Persea americana	cultivated	Tree	woody	Perennial	Long	Hermaphrodism	Mixed	NA	0.5	2	12	1087.4	909.54	Persea americana	163	715	12	https://doi.org/10.1007/s11295-009-0208-y	24	2	905	75.795	90.6166666666667	1.19554939859709	0.2029713572393	0.238709756652614	0.475247613103275	Long	Mixed	diploid	-0.16628403678322	0.17921146953405	Magnoliids	Viridiplantae	Eukaryota	Magnoliopsida
Angiosperm	Linaceae	Linum	Linum usitatissimum	cultivated	Herb	non_woody	Annual	Short	Hermaphrodism	Selfing	NA	NA	2	15	1151	684.6	Linum usitatissimum	770	411	15	https://doi.org/10.1007/s00122-012-1953-0	30	2	685	45.64	76.7333333333333	1.68127373648846	0.181473496050492	0.213197348319968	0.478764899736699	Short	Selfing	diploid	-0.293887520123284	1.12474437627812	Superrosids	Viridiplantae	Eukaryota	Magnoliopsida
Angiosperm	Lythraceae	Punica	Punica granatum	cultivated	Tree	woody	Perennial	Long	Hermaphrodism	Mixed	NA	NA	2	8	1141	704.16	Punica granatum	1092	76	8	https://doi.org/10.1007/s11295-015-0936-0	16	2	704	88.02	142.625	1.62037037037037	0.265238157320294	0.307339433196976	0.470654769665037	Long	Mixed	diploid	0.275888684511814	1.5507839127471	Superrosids	Viridiplantae	Eukaryota	Magnoliopsida
Angiosperm	Malvaceae	Corchorus	Corchorus capsularis	cultivated	Herb	non_woody	Annual_Perennial	Short	Hermaphrodism	Selfing	SC	0.1	2	7	2016	586.8	Corchorus capsularis	768	NA	7	https://doi.org/10.1007/s11032-015-0311-8	14	2	245	83.8285714285714	288	3.43558282208589	0.356434729709248	0.392056712720237	0.47949067567275	Short	Selfing	diploid	0.98235260898374	1.30879345603272	Superrosids	Viridiplantae	Eukaryota	Magnoliopsida
Angiosperm	Malvaceae	Corchorus	Corchorus olitorius	cultivated	Herb	non_woody	Annual_Perennial	Short	Hermaphrodism	Selfing	NA	NA	2	7	358.5	909.54	Corchorus olitorius	NA	NA	7	NA	14	2	449	129.934285714286	51.2142857142857	0.39415528728808	0.134623787569765	0.155686612524435	0.447803398224252	Short	Selfing	diploid	-0.778024285998713	NA	Superrosids	Viridiplantae	Eukaryota	Magnoliopsida
Angiosperm	Malvaceae	Gossypium	Gossypium barbadense	cultivated	Shrub	woody	Perennial	Long	Hermaphrodism	Mixed	SC	NA	4	26	5115.6	2694.39	Gossypium barbadense	2292	135	26	https://doi.org/10.1111/jipb.12288	26	2	2450	103.630384615385	196.753846153846	1.89861155957378	0.30919254235078	0.350399076454684	0.492661251628876	Long	Mixed	polyploid	0.58516753926685	0.850656363778072	Superrosids	Viridiplantae	Eukaryota	Magnoliopsida
Angiosperm	Malvaceae	Gossypium	Gossypium hirsutum	cultivated	Shrub	woody	Perennial	Long	Hermaphrodism	Mixed	SC	NA	4	26	4071.98	2347.2	Gossypium hirsutum	6434	137	26	https://doi.org/10.1186/s12864-016-3269-y	52	4	2347	90.2769230769231	156.614615384615	1.73482447171097	0.278223073122206	0.32052684935177	0.491470118197008	Long	Mixed	polyploid	0.367526462954537	2.74113837764145	Superrosids	Viridiplantae	Eukaryota	Magnoliopsida
Angiosperm	Malvaceae	Gossypium	Gossypium tomentosum	wild	Shrub	woody	Perennial	Long	Hermaphrodism	Mixed	SC	NA	4	26	3320.8	2386.32	Gossypium tomentosum	1204	93	26	https://doi.org/10.1007/s12041-013-0286-3	26	2	2381	91.7815384615385	127.723076923077	1.39159877971102	0.249865572198757	0.291211665605224	0.490379445084568	Long	Mixed	polyploid	0.162341775378609	0.504542559254417	Superrosids	Viridiplantae	Eukaryota	Magnoliopsida
Angiosperm	Malvaceae	Hibiscus	Hibiscus cannabinus	cultivated	Herb	non_woody	Annual_Perennial	Short	Hermaphrodism	Selfing	NA	NA	2	18	4924.8	1496.34	Hibiscus cannabinus	396	180	18	https://doi.org/10.1111/j.1439-0523.2011.01879.x	36	NA	1491	83.13	273.6	3.29123060267052	0.350508128498989	0.387062048501803	0.491694896027722	Short	Selfing	diploid	0.931697737092598	0.264645735594851	Superrosids	Viridiplantae	Eukaryota	Magnoliopsida
Angiosperm	Malvaceae	Theobroma	Theobroma cacao	cultivated	Tree	woody	Perennial	Long	Hermaphrodism	Outcrossing	SI	NA	2	10	852.8	420.5	Theobroma cacao	3526	459	10	https://doi.org/10.1186/s12864-016-2415-x	20	2	416	42.05	85.28	2.02806183115339	0.195001171969824	0.229341488446278	0.469500117196982	Long	Outcrossing	diploid	-0.182033613046231	8.38525564803805	Superrosids	Viridiplantae	Eukaryota	Magnoliopsida
Angiosperm	Musaceae	Musa	Musa acuminata	cultivated	Herb	non_woody	Perennial	Long	Hermaphrodism	Mixed	NA	NA	2	11	1197	472.231	Musa acuminata	NA	268	11	https://doi.org/10.1186/1471-2229-10-65	22	2	611	42.9300909090909	108.818181818182	2.53477641239139	0.227689011543206	0.266978071094725	0.475244455594837	Medium	Mixed	diploid	0.060124596120784	NA	Commelinids	Viridiplantae	Eukaryota	Magnoliopsida
Angiosperm	Myrtaceae	Eucalyptus	Eucalyptus camaldulensis	wild	Tree	woody	Perennial	Long	Hermaphrodism	Outcrossing	NA	0.95	2	11	1236	606.36	Eucalyptus camaldulensis	168	92	11	NA	22	2	601	55.1236363636364	112.363636363636	2.03839303384128	0.232099620296038	0.271886523311017	0.475645420026913	Long	Outcrossing	diploid	0.0731133408430058	0.277063130813378	Superrosids	Viridiplantae	Eukaryota	Magnoliopsida
Angiosperm	Myrtaceae	Eucalyptus	Eucalyptus grandis	wild	Tree	woody	Perennial	Long	Hermaphrodism	Outcrossing	SC	0.84	2	11	1107	591.5922	Eucalyptus grandis	4101	1950	11	https://doi.org/10.1186/1471-2164-13-240	22	2	611	53.7811090909091	100.636363636364	1.8712214258403	0.217025201349848	0.25493620967623	0.474275018304532	Long	Outcrossing	diploid	-0.0352323078705771	6.93214007892599	Superrosids	Viridiplantae	Eukaryota	Magnoliopsida
Angiosperm	Myrtaceae	Eucalyptus	Eucalyptus tereticornis	wild	Tree	woody	Perennial	Long	Hermaphrodism	Mixed	NA	NA	2	11	1241.4	586.8	Eucalyptus tereticornis	585	132	11	https://doi.org/10.1371/journal.pone.0145144	22	2	587	53.3454545454545	112.854545454545	2.11554192229039	0.232700704537804	0.272552108546705	0.475700064048891	Long	Mixed	diploid	0.0799743265916323	0.996932515337423	Superrosids	Viridiplantae	Eukaryota	Magnoliopsida
Angiosperm	Myrtaceae	Eucalyptus	Eucalyptus urophylla	wild	Tree	woody	Perennial	Long	Hermaphrodism	Outcrossing	SI	NA	2	11	1208.5	595.602	Eucalyptus urophylla	700	132	11	https://doi.org/10.1371/journal.pone.0145144	22	2	626	54.1456363636364	109.863636363636	2.02903952639514	0.22900238756525	0.268444188613062	0.475363853415023	Long	Outcrossing	diploid	0.0519786049779399	1.17528147991444	Superrosids	Viridiplantae	Eukaryota	Magnoliopsida
Angiosperm	Nelumbonaceae	Nelumbo	Nelumbo lutea	wild	Herb	non_woody	Perennial	Long	Hermaphrodism	Mixed	SC	0.5	2	8	494.3	948.66	Nelumbo lutea	4098	51	8	https://doi.org/10.1186/1471-2164-15-372	16	2	944	118.5825	61.7875	0.521050745261738	0.155311191353777	0.181291692308835	0.456913898919222	Medium	Mixed	diploid	-0.583367198262591	4.31977737018531	Basal eudicots	Viridiplantae	Eukaryota	Magnoliopsida
Angiosperm	Nelumbonaceae	Nelumbo	Nelumbo nucifera	wild	Herb	non_woody	Perennial	Long	Hermaphrodism	Outcrossing	SC	0.98	2	8	581.3	234.72	Nelumbo nucifera	8971	96	8	https://doi.org/10.1371/journal.pone.0112223	16	2	237	29.34	72.6625	2.47656782549421	0.174677966344981	0.204985678091745	0.459334745793123	Medium	Outcrossing	diploid	-0.31469041316191	38.2200068166326	Basal eudicots	Viridiplantae	Eukaryota	Magnoliopsida
Angiosperm	Oleaceae	Olea	Olea europaea	cultivated	Tree	woody	Perennial	Long	Hermaphrodism	Outcrossing	NA	0.99	2	23	3049	1907.1	Olea europaea	5643	121	23	https://doi.org/10.1007/s10528-016-9721-5	46	2	1907	82.9173913043478	132.565217391304	1.59876251900792	0.255048815624675	0.296711835639951	0.489349948505421	Long	Outcrossing	diploid	0.207300650098074	2.9589428975932	Superasterids	Viridiplantae	Eukaryota	Magnoliopsida
Angiosperm	Orchidaceae	Vanilla	Vanilla x tahitensis	cultivated	Vine	non_woody	Perennial	Long	Hermaphrodism	Outcrossing	NA	NA	2	13	1035.85	5603.94	Vanilla tahitensis	225	NA	16	https://doi.org/10.2135/cropsci2010.11.0634	NA	NA	NA	431.072307692308	79.6807692307692	0.184843163916816	0.186249046176967	0.218929177556675	0.475865311244382	Medium	Outcrossing	diploid	-0.427506335491022	0.0401503228085954	Lilioids + Alismatids	Viridiplantae	Eukaryota	Magnoliopsida
Angiosperm	Pedaliaceae	Sesamum	Sesamum indicum	cultivated	Herb	non_woody	Annual	Short	Hermaphrodism	Selfing	SC	NA	2	16	2981.28	948.66	Sesamum indicum	30193	120	13	https://doi.org/10.1038/srep31556	26	2	949	59.29125	186.33	3.14262222503321	0.301932303854919	0.343590921508234	0.487620768990932	Short	Selfing	diploid	0.573331939780539	31.8269980815044	Superasterids	Viridiplantae	Eukaryota	Magnoliopsida
Angiosperm	Phrymaceae	Erythranthe	Erythranthe guttata	wild	Herb	non_woody	Annual	Short	Hermaphrodism	Outcrossing	NA	0.78	2	14	1750	450	Mimulus guttatus	3073	480	14	https://doi.org/10.1534/g3.113.010124	NA	4	362	32.1428571428571	125	3.88888888888889	0.246866400220176	0.288000359979749	0.481919028587155	Short	Outcrossing	diploid	0.220837212268398	6.82888888888889	Superasterids	Viridiplantae	Eukaryota	Magnoliopsida
Angiosperm	Poaceae	Aegilops	Aegilops sharonensis	wild	Herb	non_woody	Annual	Short	Hermaphrodism	Mixed	NA	NA	2	7	818	6894.9	Aegilops sharonensis	401	179	7	https://doi.org/10.1139/gen-2013-0065	14	2	6895	984.985714285714	116.857142857143	0.118638413900129	0.237516665720646	0.277855523804549	0.462502380817235	Short	Mixed	diploid	-0.10762561741077	0.0581589290635107	Commelinids	Viridiplantae	Eukaryota	Magnoliopsida
Angiosperm	Poaceae	Aegilops	Aegilops speltoides	wild	Herb	non_woody	Annual	Short	Hermaphrodism	Outcrossing	SI	NA	2	7	577.2	4110.19	Aegilops speltoides	137	174	7	https://doi.org/10.1007/s00122-005-0035-y	14	2	5037	587.17	82.4571428571429	0.14043146423888	0.190640121296843	0.224168760082524	0.455805731613835	Short	Outcrossing	diploid	-0.416832797668063	0.0333317924475511	Commelinids	Viridiplantae	Eukaryota	Magnoliopsida
Angiosperm	Poaceae	Aegilops	Aegilops tauschii	wild	Herb	non_woody	Annual	Short	Hermaphrodism	Selfing	NA	NA	2	7	1374.4	4327.21	Aegilops tauschii	7185	1102	7	https://doi.org/10.1073/pnas.1219082110	NA	NA	NA	618.172857142857	196.342857142857	0.31761804950534	0.308915493424665	0.350141403943553	0.472702213346381	Short	Selfing	diploid	0.446825467441214	1.66042322882412	Commelinids	Viridiplantae	Eukaryota	Magnoliopsida
Angiosperm	Poaceae	Aegilops	Aegilops umbellulata	wild	Herb	non_woody	Annual	Short	Hermaphrodism	Selfing	NA	NA	2	7	948.72	4938.9	Aegilops umbellulata	5404	154	7	https://doi.org/10.1534/g3.117.039966	14	2	4939	705.557142857143	135.531428571429	0.192091356374901	0.258132451300864	0.299954006448444	0.465447493042981	Short	Selfing	diploid	0.0660794494742672	1.09417076676993	Commelinids	Viridiplantae	Eukaryota	Magnoliopsida
Angiosperm	Poaceae	Agropyron	Agropyron cristatum	wild	Herb	non_woody	Perennial	Long	Hermaphrodism	Outcrossing	NA	NA	2	14	839.7	6352	Agropyron cristatum	913	119	7	https://doi.org/10.1111/pbi.12831, https://doi.org/10.1007/s00122-018-3148-9	14	2	6968	453.714285714286	59.9785714285714	0.132194584382872	0.151907829786495	0.177093697986742	0.475136273556178	Medium	Outcrossing	diploid	-0.71545272525767	0.143734256926952	Commelinids	Viridiplantae	Eukaryota	Magnoliopsida
Angiosperm	Poaceae	Agrostis	Agrostis capillaris	wild	Herb	non_woody	Perennial	Long	Hermaphrodism	Outcrossing	SI	NA	4	14	1156	4000.02	Agrostis capillaris	322	271	14	https://doi.org/10.2135/cropsci2008.12.0714	28	4	3447	285.715714285714	82.5714285714286	0.288998555007225	0.190818689111586	0.224381181806241	0.477915620650828	Medium	Outcrossing	polyploid	-0.360494014824392	0.0804995975020125	Commelinids	Viridiplantae	Eukaryota	Magnoliopsida
Angiosperm	Poaceae	Agrostis	Agrostis stolonifera	wild	Herb	non_woody	Perennial	Long	Hermaphrodism	Outcrossing	SI	NA	4	14	1424	3423	Agrostis stolonifera	353	181	14	https://doi.org/10.1007/s11032-014-0029-z	NA	NA	3423	244.5	101.714285714286	0.416009348524686	0.218470289156791	0.256582162471942	0.479890734939771	Medium	Outcrossing	polyploid	-0.140105200687346	0.103125912941864	Commelinids	Viridiplantae	Eukaryota	Magnoliopsida
Angiosperm	Poaceae	Avena	Avena sativa	cultivated	Herb	non_woody	Annual	Short	Hermaphrodism	Selfing	NA	0.05	6	21	2843	12938.94	Avena sativa	7202	NA	21	https://doi.org/10.3835/plantgenome2015.10.0102	42	6	12934	616.14	135.380952380952	0.219724335996612	0.257977651062965	0.299791782880422	0.488475126241094	Short	Selfing	polyploid	0.0753070351783659	0.556614374902426	Commelinids	Viridiplantae	Eukaryota	Magnoliopsida
Angiosperm	Poaceae	Brachypodium	Brachypodium distachyon	wild	Herb	non_woody	Annual	Short	Hermaphrodism	Selfing	NA	NA	2	5	1597.992	268.43	Brachypodium distachyon	558	476	5	https://doi.org/10.1007/s00122-011-1598-4	10	2	355	53.686	319.5984	5.95310509257535	0.367988121861763	0.401624754477203	0.473597624372353	Short	Selfing	diploid	1.12045427601545	2.07875423760384	Commelinids	Viridiplantae	Eukaryota	Magnoliopsida
Angiosperm	Poaceae	Cenchrus	Cenchrus americanus	cultivated	Herb	non_woody	Annual	Short	Hermaphrodism	Outcrossing	NA	NA	2	7	462.153	1560.42	Cenchrus americanus	460	190	7	https://doi.org/10.1186/s12870-018-1267-8	NA	NA	NA	222.917142857143	66.0218571428571	0.296172184411889	0.163070022255868	0.190828580888831	0.451867146036553	Short	Outcrossing	diploid	-0.565236657811064	0.294792427679727	Commelinids	Viridiplantae	Eukaryota	Magnoliopsida
Angiosperm	Poaceae	Cenchrus	Cenchrus purpureus	wild	Herb	woody	Perennial	Long	Hermaphrodism	Outcrossing	SI	NA	2	14	1410	2018	Cenchrus purpureus	1913	185	14	https://doi.org/10.1038/s41598-018-32674-x	NA	NA	NA	144.142857142857	100.714285714286	0.698711595639247	0.217130085780639	0.255055818902182	0.479795006127189	Long	Outcrossing	diploid	-0.109672325808619	0.94796828543112	Commelinids	Viridiplantae	Eukaryota	Magnoliopsida
Angiosperm	Poaceae	Cynodon	Cynodon dactylon	wild	Herb	non_woody	Perennial	Long	Hermaphrodism	Outcrossing	SI	NA	4	18	1055	1110.03	Cynodon dactylon	7709	130	18	https://doi.org/10.1038/s42003-020-1086-y	NA	NA	782	61.6683333333333	58.6111111111111	0.950424763294686	0.149298818800027	0.173870511924416	0.480516601044446	Medium	Outcrossing	polyploid	-0.586261978536877	6.94485734619785	Commelinids	Viridiplantae	Eukaryota	Magnoliopsida
Angiosperm	Poaceae	Dactylis	Dactylis glomerata	wild	Herb	non_woody	Perennial	Long	Hermaphrodism	Outcrossing	SI	NA	2	7	715.77	4303.2	Dactylis glomerata	172	NA	7	https://doi.org/10.1139/G10-111	14	2	3227	614.742857142857	102.252857142857	0.166334355828221	0.219187640170732	0.257397606031835	0.459883948595819	Medium	Outcrossing	diploid	-0.205163709499535	0.0399702546941811	Commelinids	Viridiplantae	Eukaryota	Magnoliopsida
Angiosperm	Poaceae	Elymus	Elymus lanceolatus	wild	Herb	non_woody	Perennial	Long	Hermaphrodism	Outcrossing	NA	NA	4	14	2574	8244.54	Elymus lanceolatus	515	387	14	https://doi.org/10.1139/g11-045	28	4	8240	588.895714285714	183.857142857143	0.312206624020261	0.300135926788044	0.341888355866746	0.485723994770575	Medium	Outcrossing	polyploid	0.384823689693361	0.062465583282997	Commelinids	Viridiplantae	Eukaryota	Magnoliopsida
Angiosperm	Poaceae	Eremochloa	Eremochloa ophiuroides	wild	Herb	non_woody	Perennial	Long	Hermaphrodism	Outcrossing	SI	NA	2	9	623.6	811.74	Eremochloa ophiuroides	89	89	9	https://doi.org/10.1016/j.scienta.2013.03.030	18	2	812	90.1933333333333	69.2888888888889	0.768226279350531	0.16886400575722	0.197913649978335	0.463207111750802	Medium	Outcrossing	diploid	-0.447906413224947	0.10964101805997	Commelinids	Viridiplantae	Eukaryota	Magnoliopsida
Angiosperm	Poaceae	Lolium	Lolium arundinaceum	wild	Herb	non_woody	Perennial	Long	Hermaphrodism	Outcrossing	SI	NA	6	21	1417.5	4185.84	Festuca arundinacea	NA	195	21	https://doi.org/10.3835/plantgenome2014.07.0032	28	4	4181	199.325714285714	67.5	0.338641706324179	0.1657117911408	0.194063312594515	0.484081513863848	Medium	Outcrossing	polyploid	-0.534561007221033	NA	Commelinids	Viridiplantae	Eukaryota	Magnoliopsida
Angiosperm	Poaceae	Hordeum	Hordeum vulgare	cultivated	Herb	non_woody	Annual	Short	Hermaphrodism	Selfing	NA	0.02	2	7	927.07	5418.1	Hordeum vulgare	1832	128	7	https://doi.org/10.1186/s12863-016-0438-6	14	2	5428	774.014285714286	132.438571428571	0.17110610730699	0.254915631973723	0.296571299470242	0.464987947424818	Short	Selfing	diploid	0.0359300705717641	0.338125911297318	Commelinids	Viridiplantae	Eukaryota	Magnoliopsida
Angiosperm	Poaceae	Lolium	Lolium multiflorum	wild	Herb	non_woody	Annual_Perennial	Short	Hermaphrodism	Outcrossing	SI	NA	2	7	488.8	2660.16	Lolium multiflorum	192	88	7	https://doi.org/10.1111/grs.12055	14	2	2661	380.022857142857	69.8285714285714	0.183748345964153	0.169805456628627	0.199061501705243	0.452829350946947	Short	Outcrossing	diploid	-0.549875281959373	0.0721761097076868	Commelinids	Viridiplantae	Eukaryota	Magnoliopsida
Angiosperm	Poaceae	Lolium	Lolium perenne	wild	Herb	non_woody	Perennial	Long	Hermaphrodism	Outcrossing	SI	0.9	2	7	952.6	2365.782	Lolium perenne	10352	169	7	https://doi.org/10.1093/aob/mcw081	14	2	2695	337.968857142857	136.085714285714	0.402657556782493	0.258701176508154	0.300549518232122	0.465528739501165	Medium	Outcrossing	diploid	0.126313632701831	4.37572016356537	Commelinids	Viridiplantae	Eukaryota	Magnoliopsida
Angiosperm	Poaceae	Miscanthus	Miscanthus sinensis	wild	Herb	non_woody	Perennial	Long	Hermaphrodism	Outcrossing	NA	NA	2	19	1605.5	2591.7	Miscanthus sinensis	3182	261	19	https://doi.org/10.1111/gcbb.12275	38	2	2592	136.405263157895	84.5	0.619477562989544	0.193806405940622	0.227927525728824	0.483884547681085	Medium	Outcrossing	diploid	-0.280999121959535	1.22776555928541	Commelinids	Viridiplantae	Eukaryota	Magnoliopsida
Angiosperm	Poaceae	Oryza	Oryza nivara	wild	Herb	non_woody	Annual	Short	Hermaphrodism	Selfing	NA	NA	2	12	1058	368.4	Oryza nivara	1070	131	12	https://doi.org/10.1038/srep27425	24	2	455	30.7	88.1666666666667	2.87187839305103	0.199356026415505	0.234474346171923	0.474946335534625	Short	Selfing	diploid	-0.124743698002075	2.90445168295331	Commelinids	Viridiplantae	Eukaryota	Magnoliopsida
Angiosperm	Poaceae	Oryza	Oryza rufipogon	wild	Herb	non_woody	Perennial	Long	Hermaphrodism	Mixed	NA	0.37	2	12	1596.8	449.88	Oryza rufipogon	153	231	12	https://doi.org/10.1016/S2095-3119(16)61465-X	24	2	445	37.49	133.066666666667	3.54939094869743	0.255574915230352	0.297266570260574	0.479631242935863	Medium	Mixed	diploid	0.271633761565661	0.340090690850894	Commelinids	Viridiplantae	Eukaryota	Magnoliopsida
Angiosperm	Poaceae	Oryza	Oryza sativa	cultivated	Herb	non_woody	Annual	Short	Hermaphrodism	Selfing	NA	NA	2	12	1650	489	Oryza sativa	9303	187	12	https://doi.org/10.1186/s12284-016-0125-2	24	2	489	40.75	137.5	3.37423312883436	0.260141770418948	0.302054541273688	0.480011814201579	Short	Selfing	diploid	0.298046152980551	19.0245398773006	Commelinids	Viridiplantae	Eukaryota	Magnoliopsida
Angiosperm	Poaceae	Panicum	Panicum hallii	wild	Herb	non_woody	Perennial	Long	Hermaphrodism	Selfing	NA	NA	2	9	976.0097	517.72	Panicum hallii	1519	NA	9	https://doi.org/10.1038/s41467-018-07669-x	NA	NA	NA	57.5244444444444	108.445522222222	1.88520764119601	0.227218224323487	0.266451611004591	0.469690913813721	Medium	Selfing	diploid	0.0343685305778469	2.93401838831801	Commelinids	Viridiplantae	Eukaryota	Magnoliopsida
Angiosperm	Poaceae	Panicum	Panicum virgatum	wild	Herb	non_woody	Perennial	Long	Hermaphrodism	Outcrossing	SI	NA	4	18	2085.2	1792.674	Panicum virgatum	499	139	18	https://doi.org/10.1534/g3.111.001503	36	4	1320	99.593	115.844444444444	1.16317858127021	0.23631231111169	0.276534183812549	0.485350683950649	Medium	Outcrossing	polyploid	0.0584941051153873	0.27835512759152	Commelinids	Viridiplantae	Eukaryota	Magnoliopsida
Angiosperm	Poaceae	Secale	Secale cereale	cultivated	Herb	non_woody	Annual	Short	Hermaphrodism	Outcrossing	NA	0.92	2	7	1593	8097.84	Secale cereale	4048	564	7	https://doi.org/10.1371/journal.pone.0028495	14	2	8093	1156.83428571429	227.571428571429	0.196719125100027	0.328052408116124	0.36755657517991	0.475436058302303	Short	Outcrossing	diploid	0.546617584976181	0.499886389456942	Commelinids	Viridiplantae	Eukaryota	Magnoliopsida
Angiosperm	Poaceae	Setaria	Setaria italica	cultivated	Herb	non_woody	Annual	Short	Hermaphrodism	Selfing	NA	NA	2	9	1318.8	518.34	Setaria italica	1035	167	9	https://doi.org/10.1186/s12864-016-2628-z	18	2	513	57.5933333333333	146.533333333333	2.54427595786549	0.268998407697022	0.311199330764101	0.47433315641078	Short	Selfing	diploid	0.335282208560626	1.99675888413011	Commelinids	Viridiplantae	Eukaryota	Magnoliopsida
Angiosperm	Poaceae	Sorghum	Sorghum bicolor	cultivated	Herb	non_woody	Annual	Short	Hermaphrodism	Selfing	NA	0.1	2	10	2158	1188.27	Sorghum bicolor	2246	130	10	https://doi.org/10.1186/s12864-016-3430-7	20	2	734	118.827	215.8	1.81608556977791	0.321270188602613	0.361472041417581	0.482127018860261	Short	Selfing	diploid	0.667126636752081	1.89014281266042	Commelinids	Viridiplantae	Eukaryota	Magnoliopsida
Angiosperm	Poaceae	Triticum	Triticum aestivum	cultivated	Herb	non_woody	Annual	Short	Hermaphrodism	Selfing	NA	0.03	6	21	2875.3	16948.74	Triticum aestivum	10816	191	21	https://doi.org/10.3389/fpls.2016.01617	42	6	16944	807.082857142857	136.919047619048	0.169646829203823	0.25955183496125	0.301438814951204	0.488550087379107	Short	Selfing	polyploid	0.0660092898879615	0.638159532803028	Commelinids	Viridiplantae	Eukaryota	Magnoliopsida
Angiosperm	Poaceae	Triticum	Triticum dicoccoides	wild	Herb	non_woody	Annual	Short	Hermaphrodism	Selfing	NA	NA	4	16	1727.93	10290.76	Triticum dicoccoides	2650	445	14	https://doi.org/10.3389/fpls.2017.01798	28	4	12005	643.1725	107.995625	0.167910824856473	0.226648011534115	0.265813318651694	0.482915500720882	Short	Selfing	polyploid	-0.153970763849597	0.257512564669665	Commelinids	Viridiplantae	Eukaryota	Magnoliopsida
Angiosperm	Poaceae	Triticum	Triticum turgidum	cultivated	Herb	non_woody	Annual	Short	Hermaphrodism	Selfing	NA	NA	4	14	3058.6	13000	Triticum turgidum	1898	768	14	https://doi.org/10.1007/s00122-012-1939-y	28	4	12005	928.571428571429	218.471428571429	0.235276923076923	0.3228523104968	0.362899823208738	0.487346593606914	Short	Selfing	polyploid	0.522577072168388	0.146	Commelinids	Viridiplantae	Eukaryota	Magnoliopsida
Angiosperm	Poaceae	Triticum	Triticum urartu	wild	Herb	non_woody	Annual	Short	Hermaphrodism	Selfing	NA	NA	2	7	1444.709	4940	Triticum urartu	4506	475	7	https://doi.org/10.1038/s41586-018-0108-0	14	2	4817	705.714285714286	206.387	0.292451214574899	0.315482131539145	0.356204156549078	0.473640304505592	Short	Selfing	diploid	0.486611948224978	0.912145748987854	Commelinids	Viridiplantae	Eukaryota	Magnoliopsida
Angiosperm	Poaceae	Zea	Zea mays	cultivated	Herb	non_woody	Annual	Short	Monoecy	Outcrossing	NA	0.97	2	10	1545.65	2669.9	Zea mays	4183	314	10	https://doi.org/10.1186/s12864-016-2555-z	20	2	2665	266.99	154.565	0.578916813363796	0.276400952266471	0.318700318616568	0.477640095226647	Short	Outcrossing	diploid	0.271628458128271	1.56672534551856	Commelinids	Viridiplantae	Eukaryota	Magnoliopsida
Angiosperm	Poaceae	Zoysia	Zoysia japonica	wild	Herb	non_woody	Perennial	Long	Hermaphrodism	Outcrossing	NA	NA	4	20	1337.2	420.54	Zoysia japonica	2228	162	20	https://doi.org/10.1111/tpj.12842	40	4	421	21.027	66.86	3.17972131069577	0.164572129185714	0.192668694793066	0.483228606459286	Medium	Outcrossing	polyploid	-0.372499027863916	5.29795025443477	Commelinids	Viridiplantae	Eukaryota	Magnoliopsida
Angiosperm	Poaceae	Zoysia	Zoysia matrella	wild	Herb	non_woody	Perennial	Long	Hermaphrodism	Outcrossing	NA	NA	4	20	1824.95	563.439	Zoysia matrella	3563	95	20	https://doi.org/10.1186/s12864-016-2969-7	NA	NA	NA	28.17195	91.2475	3.23894867057481	0.203890487683473	0.239782687652348	0.485194524384174	Medium	Outcrossing	polyploid	-0.0838409299753457	6.32366591591991	Commelinids	Viridiplantae	Eukaryota	Magnoliopsida
Angiosperm	Polygonaceae	Fagopyrum	Fagopyrum esculentum	cultivated	Herb	non_woody	Annual	Short	Hermaphrodism	Outcrossing	SI	NA	2	8	1574.3	1359.4	Fagopyrum esculentum	8884	178	8	https://doi.org/10.1270/jsbbs.64.291	NA	NA	NA	169.925	196.7875	1.15808444902163	0.309215196051009	0.350420138393171	0.476151899506376	Short	Outcrossing	diploid	0.547610620776593	6.53523613358835	Superasterids	Viridiplantae	Eukaryota	Magnoliopsida
Angiosperm	Rhamnaceae	Ziziphus	Ziziphus jujuba	cultivated	Tree	woody	Perennial	Long	Hermaphrodism	Outcrossing	SI	NA	2	12	1456.53	437.754	Ziziphus jujuba	2540	145	12	https://doi.org/10.1007/s11295-016-1032-9	NA	NA	NA	36.4795	121.3775	3.32727970503982	0.242779052462829	0.283590215850912	0.478564921038569	Long	Outcrossing	diploid	0.181773588568792	5.80234560963464	Superrosids	Viridiplantae	Eukaryota	Magnoliopsida
Angiosperm	Rosaceae	Eriobotrya	Eriobotrya japonica	cultivated	Tree	woody	Perennial	Long	Hermaphrodism	Outcrossing	SI	NA	2	17	1036	762.84	Eriobotrya japonica	960	96	17	https://doi.org/10.1016/j.scienta.2019.02.065	34	2	758	44.8729411764706	60.9411764705882	1.35808295317498	0.153725636807112	0.179336919238491	0.479630919812183	Long	Outcrossing	diploid	-0.523021549495654	1.25845524618531	Superrosids	Viridiplantae	Eukaryota	Magnoliopsida
Angiosperm	Rosaceae	Fragaria	Fragaria x ananassa	cultivated	Herb	non_woody	Perennial	Long	Hermaphrodism	Mixed	SC	NA	2	7	451.7	199.628	Fragaria ananassa	NA	NA	NA	NA	NA	NA	NA	28.5182857142857	64.5285714285714	2.2627086380668	0.160366485628638	0.187511331197381	0.451480926518377	Medium	Mixed	diploid	-0.431240607304915	NA	Superrosids	Viridiplantae	Eukaryota	Magnoliopsida
Angiosperm	Rosaceae	Fragaria	Fragaria iinumae	wild	Herb	non_woody	Perennial	Long	Hermaphrodism	Mixed	SC	NA	2	7	416.2	214.373	Fragaria iinumae	4173	109	7	https://doi.org/10.3835/plantgenome2015.08.0071	NA	NA	NA	30.6247142857143	59.4571428571429	1.94147583884165	0.150916695465279	0.175869722446194	0.45013095649504	Medium	Mixed	diploid	-0.518529577168954	19.4660708204858	Superrosids	Viridiplantae	Eukaryota	Magnoliopsida
Angiosperm	Rosaceae	Fragaria	Fragaria vesca	wild	Herb	non_woody	Perennial	Long	Hermaphrodism	Mixed	SC	NA	8	28	1820	697.762	Fragaria vesca	NA	NA	NA	NA	14	2	241	24.9200714285714	65	2.60833923314827	0.161223791104135	0.188563969464483	0.487900849682291	Medium	Mixed	polyploid	-0.413671911145396	NA	Superrosids	Viridiplantae	Eukaryota	Magnoliopsida
Angiosperm	Rosaceae	Malus	Malus domestica	cultivated	Tree	woody	Perennial	Long	Hermaphrodism	Outcrossing	SI	NA	2	17	1267	1874.77	Malus domestica	15417	1586	17	https://doi.org/10.1038/hortres.2016.57	NA	NA	NA	110.280588235294	74.5294117647059	0.675816233457971	0.177823751103571	0.208794726078858	0.481048455947269	Long	Outcrossing	diploid	-0.390337160376061	8.22340873813855	Superrosids	Viridiplantae	Eukaryota	Magnoliopsida
Angiosperm	Rosaceae	Malus	Malus pumila	wild	Tree	woody	Perennial	Long	Hermaphrodism	Outcrossing	SI	NA	2	17	1299.67	733.5	Malus pumila	NA	NA	17	NA	NA	2	753	43.1470588235294	76.4511764705882	1.77187457396046	0.181010048047414	0.212639327479901	0.48123588517926	Long	Outcrossing	diploid	-0.293286118125525	NA	Superrosids	Viridiplantae	Eukaryota	Magnoliopsida
Angiosperm	Rosaceae	Malus	Malus sieversii	wild	Tree	woody	Perennial	Long	Hermaphrodism	Outcrossing	SI	NA	2	17	1481.72	753.06	Malus sieversii	NA	NA	17	NA	34	2	734	44.2976470588235	87.16	1.96759886330439	0.197849191566037	0.232702088529718	0.482226423033296	Long	Outcrossing	diploid	-0.164200703967785	NA	Superrosids	Viridiplantae	Eukaryota	Magnoliopsida
Angiosperm	Rosaceae	Prunus	Prunus armeniaca	cultivated	Tree	woody	Perennial	Long	Hermaphrodism	Outcrossing	SI	NA	2	8	522.69	293.4	Prunus armeniaca	357	67	8	https://doi.org/10.1007/s11295-007-0125-x	16	2	293	36.675	65.33625	1.78149284253579	0.161833121909574	0.189311731238463	0.457729140238697	Long	Outcrossing	diploid	-0.437992688060356	1.21676891615542	Superrosids	Viridiplantae	Eukaryota	Magnoliopsida
Angiosperm	Rosaceae	Prunus	Prunus avium	cultivated	Tree	woody	Perennial	Long	Hermaphrodism	Outcrossing	SI	0.95	2	8	849	342.3	Prunus avium	718	100	8	https://doi.org/10.1371/journal.pone.0141261	NA	NA	342	42.7875	106.125	2.48028045574058	0.224255227342553	0.263127140150494	0.465531903417819	Long	Outcrossing	diploid	0.0353176279872161	2.09757522640958	Superrosids	Viridiplantae	Eukaryota	Magnoliopsida
Angiosperm	Rosaceae	Prunus	Prunus dulcis	cultivated	Tree	woody	Perennial	Long	Hermaphrodism	Outcrossing	SI	NA	2	8	591.4	240	Prunus dulcis	157	93	8	https://doi.org/10.1186/1471-2164-11-551	16	2	323	30	73.925	2.46416666666667	0.176810795274766	0.207569605633205	0.459601349409346	Long	Outcrossing	diploid	-0.299161921162149	0.654166666666667	Superrosids	Viridiplantae	Eukaryota	Magnoliopsida
Angiosperm	Rosaceae	Prunus	Prunus mume	cultivated	Tree	woody	Perennial	Long	Hermaphrodism	Outcrossing	SI	NA	2	8	1550.62	234.03	Prunus mume	8007	387	8	https://doi.org/10.1093/dnares/dsv003	NA	NA	NA	29.25375	193.8275	6.62573174379353	0.307203778346707	0.3485456876487	0.475900472293338	Long	Outcrossing	diploid	0.666677343058555	34.2135623637995	Superrosids	Viridiplantae	Eukaryota	Magnoliopsida
Angiosperm	Rosaceae	Prunus	Prunus persica	cultivated	Tree	woody	Perennial	Long	Hermaphrodism	Outcrossing	SI	NA	2	8	389.2	273.84	Prunus persica	1839	NA	8	https://doi.org/10.1007/s11295-015-0911-9	16	2	269	34.23	48.65	1.42126789366053	0.129305225509977	0.149086190955171	0.453663153188747	Long	Outcrossing	diploid	-0.727624353718216	6.71560035056968	Superrosids	Viridiplantae	Eukaryota	Magnoliopsida
Angiosperm	Rosaceae	Prunus	Prunus salicina	wild	Tree	woody	Perennial	Long	Hermaphrodism	Outcrossing	SI	NA	2	9	639.491	222.57	Prunus salicina	1441	137	8	https://doi.org/10.1371/journal.pone.0208032	NA	NA	NA	24.73	71.0545555555556	2.87321292177742	0.171927926378135	0.201645569190387	0.463547547375348	Long	Outcrossing	diploid	-0.324027090205935	6.47436761468302	Superrosids	Viridiplantae	Eukaryota	Magnoliopsida
Angiosperm	Rosaceae	Pyrus	Pyrus communis	cultivated	Tree	woody	Perennial	Long	Hermaphrodism	Outcrossing	SI	NA	2	17	2243.4	537.9	Pyrus communis	3143	102	17	https://doi.org/10.1093/jxb/eru311	NA	NA	538	31.6411764705882	131.964705882353	4.17066369213608	0.25441618448597	0.296043907326139	0.485553893205057	Long	Outcrossing	diploid	0.276258111021649	5.84309351180517	Superrosids	Viridiplantae	Eukaryota	Magnoliopsida
Angiosperm	Rosaceae	Rosa	Rosa chinensis	cultivated	Herb	non_woody	Perennial	Long	Hermaphrodism	Outcrossing	SI	NA	2	7	1027.425	515.12	Rosa chinensis	2213	152	7	https://doi.org/10.1038/s41598-019-42428-y	14	2	562	73.5885714285714	146.775	1.99453525392142	0.269227436545934	0.311433347207987	0.467032490935133	Medium	Outcrossing	diploid	0.318232445497599	4.29608634881193	Superrosids	Viridiplantae	Eukaryota	Magnoliopsida
Angiosperm	Rosaceae	Rubus	Rubus idaeus	cultivated	Shrub	woody	Perennial	Long	Hermaphrodism	Outcrossing	SI	NA	2	7	462.7	311.982	Rubus idaeus	4521	71	7	https://doi.org/10.1186/1471-2164-14-2	NA	NA	293	44.5688571428571	66.1	1.48309838388112	0.163210531608391	0.191000800605349	0.451887218801199	Long	Outcrossing	diploid	-0.441243131153851	14.491220647345	Superrosids	Viridiplantae	Eukaryota	Magnoliopsida
Angiosperm	Rosaceae	Rubus	Rubus occidentalis	wild	Shrub	woody	Perennial	Long	Hermaphrodism	Outcrossing	SI	NA	2	7	309	293.4	Rubus occidentalis	438	100	7	https://doi.org/10.1007/s00122-015-2541-x	14	2	293	41.9142857142857	44.1428571428571	1.05316973415133	0.11965270728222	0.137116437784674	0.445664672468889	Long	Outcrossing	diploid	-0.840295821872886	1.49284253578732	Superrosids	Viridiplantae	Eukaryota	Magnoliopsida
Angiosperm	Rubiaceae	Coffea	Coffea arabica	cultivated	Tree	woody	Perennial	Long	Hermaphrodism	Mixed	SC	NA	4	22	3800	1173.6	Coffea arabica	338	278	22	https://doi.org/10.1007/s11295-015-0927-1	44	4	1174	53.3454545454545	172.727272727273	3.23790047716428	0.291673267642848	0.333769619028908	0.490530603074675	Long	Mixed	polyploid	0.505588437766612	0.288002726653033	Superasterids	Viridiplantae	Eukaryota	Magnoliopsida
Angiosperm	Rubiaceae	Coffea	Coffea canephora	cultivated	Tree	woody	Perennial	Long	Hermaphrodism	Outcrossing	SI	NA	2	11	1349.203	583.04	Coffea canephora	3039	93	11	https://doi.org/10.1111/pbi.13066	NA	2	807	53.0036363636364	122.654818181818	2.31408308177827	0.244233207061572	0.285163648943603	0.476748473369234	Long	Outcrossing	diploid	0.16373901735979	5.21233534577387	Superasterids	Viridiplantae	Eukaryota	Magnoliopsida
Angiosperm	Rutaceae	Citrus	Citrus x clementina	cultivated	Tree	woody	Perennial	Long	Hermaphrodism	Outcrossing	SI	NA	2	9	1084.1	301.365	Citrus clementina	961	296	9	https://doi.org/10.1186/1471-2164-13-593	NA	NA	NA	33.485	120.455555555556	3.59729895641498	0.241720587332182	0.282441859130097	0.471302287481353	Long	Outcrossing	diploid	0.180683463861892	3.18882418329932	Superrosids	Viridiplantae	Eukaryota	Magnoliopsida
Angiosperm	Rutaceae	Citrus	Citrus sinensis	cultivated	Tree	woody	Perennial	Long	Hermaphrodism	Outcrossing	SI	NA	2	9	976.58	490.956	Citrus sinensis	122	97	9	https://doi.org/10.1007/s11295-007-0083-3	18	2	611	54.5506666666667	108.508888888889	1.98913955629425	0.227298374317406	0.266541273396897	0.469699819368601	Long	Outcrossing	diploid	0.0390022098824502	0.248494773462388	Superrosids	Viridiplantae	Eukaryota	Magnoliopsida
Angiosperm	Salicaceae	Populus	Populus adenopoda	wild	Tree	woody	Perennial	Long	Dioecy	Outcrossing	NA	NA	2	19	2178.5	508.56	Populus adenopoda	212	189	19	https://doi.org/10.1007/s10681-009-0085-3	NA	NA	NA	26.7663157894737	114.657894736842	4.28366367783546	0.234889096786022	0.274968489034045	0.486046794567685	Long	Dioecy	diploid	0.148441113899997	0.416863300298883	Superrosids	Viridiplantae	Eukaryota	Magnoliopsida
Angiosperm	Salicaceae	Populus	Populus alba	wild	Tree	woody	Perennial	Long	Dioecy	Outcrossing	NA	NA	2	19	3027.1	508.56	Populus alba	322	141	19	https://doi.org/10.1007/s11295-010-0297-7	NA	NA	509	26.7663157894737	159.321052631579	5.95229668082429	0.280589057763831	0.322886919995573	0.488452055671781	Long	Dioecy	diploid	0.477409612827792	0.633160295736983	Superrosids	Viridiplantae	Eukaryota	Magnoliopsida
Angiosperm	Salicaceae	Populus	Populus deltoides	wild	Tree	woody	Perennial	Long	Dioecy	Outcrossing	NA	NA	2	19	4067.16	500	Populus deltoides	2012	150	19	https://doi.org/10.1186/s12864-016-3003-9	NA	NA	NA	26.3157894736842	214.061052631579	8.13432	0.320226246764932	0.360527101241862	0.490538223513944	Long	Dioecy	diploid	0.774044562920359	4.024	Superrosids	Viridiplantae	Eukaryota	Magnoliopsida
Angiosperm	Salicaceae	Populus	Populus nigra	wild	Tree	woody	Perennial	Long	Dioecy	Outcrossing	NA	NA	2	19	2278.5	514.0368	Populus nigra	188	165	19	https://doi.org/10.1007/s11295-007-0085-1	NA	NA	528	27.0545684210526	119.921052631579	4.43256202668758	0.241103493839727	0.281771167660589	0.486373868096828	Long	Dioecy	diploid	0.192504675667616	0.365732570119493	Superrosids	Viridiplantae	Eukaryota	Magnoliopsida
Angiosperm	Salicaceae	Populus	Populus simonii	wild	Tree	woody	Perennial	Long	Dioecy	Outcrossing	NA	NA	2	19	4067.16	394.51	Populus simonii	1430	150	19	https://doi.org/10.1186/s12864-016-3003-9	NA	NA	NA	20.7636842105263	214.061052631579	10.3093964665028	0.320226246764932	0.360527101241862	0.490538223513944	Long	Dioecy	diploid	0.792122763900989	3.62474968948823	Superrosids	Viridiplantae	Eukaryota	Magnoliopsida
Angiosperm	Salicaceae	Populus	Populus tremula	wild	Tree	woody	Perennial	Long	Dioecy	Outcrossing	NA	NA	2	19	1542.35	469.44	Populus tremula	344	61	19	https://doi.org/10.1007/s11295-009-0204-2	38	2	440	24.7073684210526	81.1763157894737	3.28551039536469	0.188627114199741	0.221770555913728	0.483611953378934	Long	Dioecy	diploid	-0.190781683676975	0.732788002726653	Superrosids	Viridiplantae	Eukaryota	Magnoliopsida
Angiosperm	Salicaceae	Salix	Salix purpurea	wild	Tree	woody	Perennial	Long	Dioecy	Outcrossing	NA	NA	2	19	3466	405.53	Salix purpurea	NA	NA	19	https://doi.org/10.1093/aob/mcz047	38	2	460	21.3436842105263	182.421052631579	8.5468399378591	0.299079104580282	0.340883343074804	0.489425216030541	Long	Dioecy	diploid	0.630077141917748	NA	Superrosids	Viridiplantae	Eukaryota	Magnoliopsida
Angiosperm	Solanaceae	Capsicum	Capsicum annuum	cultivated	Herb	non_woody	Annual	Short	Hermaphrodism	Mixed	NA	NA	2	12	1372	3090.48	Capsicum annuum	2578	120	12	https://doi.org/10.1093/dnares/dsv038	24	2	3090	257.54	114.333333333333	0.443943982811732	0.234497504876916	0.274536891852461	0.477874792073076	Short	Mixed	diploid	-0.0271188672291668	0.834174626595221	Superasterids	Viridiplantae	Eukaryota	Magnoliopsida
Angiosperm	Solanaceae	Capsicum	Capsicum baccatum	cultivated	Herb	non_woody	Perennial	Long	Hermaphrodism	Selfing	SC	NA	2	12	1056	3628.38	Capsicum baccatum	395	NA	12	https://doi.org/10.1007/s11032-016-0485-8	24	2	3628	302.365	88	0.291038976071966	0.199107417412497	0.234182224945469	0.474925618117708	Medium	Selfing	diploid	-0.301141860508583	0.10886401093601	Superasterids	Viridiplantae	Eukaryota	Magnoliopsida
Angiosperm	Solanaceae	Nicotiana	Nicotiana tabacum	cultivated	Herb	non_woody	Annual_Perennial	Short	Hermaphrodism	Selfing	SC	NA	4	24	2662.43	5066.04	Nicotiana tabacum	4409	100	24	https://doi.org/10.1007/s11032-016-0514-7	48	4	5061	211.085	110.934583333333	0.52554460683295	0.230336624795339	0.269929699165922	0.488764026033139	Short	Selfing	polyploid	-0.0421209693449397	0.870305011409306	Superasterids	Viridiplantae	Eukaryota	Magnoliopsida
Angiosperm	Solanaceae	Petunia	Petunia axillaris	wild	Herb	non_woody	Annual	Short	Hermaphrodism	Mixed	SC	0.62	2	7	970	1369.2	Petunia axillaris	207	349	7	https://doi.org/10.1139/g10-116	14	2	1369	195.6	138.571428571429	0.708442886356997	0.261223150643952	0.303181059325332	0.465889021520565	Short	Mixed	diploid	0.186136813692172	0.151183172655565	Superasterids	Viridiplantae	Eukaryota	Magnoliopsida
Angiosperm	Solanaceae	Solanum	Solanum lycopersicum	cultivated	Herb	non_woody	Annual	Short	Hermaphrodism	Selfing	NA	0.03	2	12	1297.3	823.786	Solanum lycopersicum	1974	100	12	https://doi.org/10.1186/1471-2164-15-1152	NA	NA	NA	68.6488333333333	108.108333333333	1.57480219377363	0.226791051785853	0.265973503674696	0.477232587648821	Short	Selfing	diploid	0.0177665829763582	2.39625339590622	Superasterids	Viridiplantae	Eukaryota	Magnoliopsida
Angiosperm	Solanaceae	Solanum	Solanum virginianum	cultivated	Herb	non_woody	Annual	Short	Hermaphrodism	Selfing	SC	0.08	2	12	1285.5	958.44	Solanum melongena	952	183	12	https://doi.org/10.1007/s00122-012-1815-9	24	2	954	79.87	107.125	1.3412420182797	0.225538775701641	0.264569617033613	0.47712823130847	Short	Selfing	diploid	-0.00292102303002478	0.993280747881975	Superasterids	Viridiplantae	Eukaryota	Magnoliopsida
Angiosperm	Solanaceae	Solanum	Solanum pennellii	wild	Herb	non_woody	Perennial	Long	Hermaphrodism	Outcrossing	SI	NA	2	12	789.7	926.426	Solanum pennellii	208	131	12	https://doi.org/10.1111/jipb.12449	NA	NA	NA	77.2021666666667	65.8083333333333	0.852415627367971	0.162685595945799	0.190357300664945	0.471890466328817	Medium	Outcrossing	diploid	-0.487579103595314	0.224518741917865	Superasterids	Viridiplantae	Eukaryota	Magnoliopsida
Angiosperm	Solanaceae	Solanum	Solanum pimpinellifolium	wild	Herb	non_woody	Biannual	Short	Hermaphrodism	Mixed	SC	NA	2	12	1567.5	688.247	Solanum pimpinellifolium	440	120	12	https://doi.org/10.1371/journal.pone.0096417	NA	NA	NA	57.3539166666667	130.625	2.27752536516687	0.252994528585668	0.294539493132719	0.479416210715472	Short	Mixed	diploid	0.220677701866075	0.639305365660875	Superasterids	Viridiplantae	Eukaryota	Magnoliopsida
Angiosperm	Solanaceae	Solanum	Solanum tuberosum	cultivated	Herb	non_woody	Perennial	Long	Hermaphrodism	Outcrossing	SI	NA	2	12	883	860.64	Solanum tuberosum	2264	178	12	https://doi.org/10.1007/s00122-016-2673-7	24	2	856	71.72	73.5833333333333	1.02598066555122	0.176235865486098	0.20687365504142	0.473019655457175	Medium	Outcrossing	diploid	-0.370287593489652	2.63060048336122	Superasterids	Viridiplantae	Eukaryota	Magnoliopsida
Angiosperm	Theaceae	Camellia	Camellia sinensis	cultivated	Shrub	woody	Perennial	Long	Hermaphrodism	Outcrossing	SI	NA	2	15	1218	3814.2	Camellia sinensis	1124	54	15	https://doi.org/10.1270/jsbbs.62.263	30	2	3817	254.28	81.2	0.319333018719522	0.18866453423097	0.221815195512256	0.479244302282065	Long	Outcrossing	diploid	-0.368349904994541	0.294688270148393	Superasterids	Viridiplantae	Eukaryota	Magnoliopsida
Angiosperm	Urticaceae	Boehmeria	Boehmeria nivea	cultivated	Shrub	woody	Perennial	Long	Monoecy	Outcrossing	NA	NA	2	14	2265.1	716	Boehmeria nivea	132	147	14	https://doi.org/10.1007/s11032-014-0082-7	NA	NA	NA	51.1428571428571	161.792857142857	3.16354748603352	0.282710983997729	0.324992386205832	0.484479355999838	Long	Outcrossing	diploid	0.443408286099	0.184357541899441	Superrosids	Viridiplantae	Eukaryota	Magnoliopsida
Angiosperm	Vitaceae	Vitis	Vitis amurensis	wild	Liana	woody	Perennial	Long	Dioecy	Outcrossing	NA	NA	2	19	1123	489	Vitis amurensis	228	94	19	NA	38	2	489	25.7368421052632	59.1052631578947	2.29652351738241	0.150245259516977	0.175040212661954	0.481591855764051	Long	Dioecy	diploid	-0.511199587800893	0.466257668711656	Superrosids	Viridiplantae	Eukaryota	Magnoliopsida
Angiosperm	Vitaceae	Vitis	Vitis cinerea	wild	Liana	woody	Perennial	Long	Dioecy	Outcrossing	NA	NA	2	19	1155.98	489	Vitis cinerea	235	188	19	https://doi.org/10.1007/s00122-009-1107-1	38	2	489	25.7368421052632	60.8410526315789	2.3639672801636	0.153537277277647	0.179104580779525	0.481765119856718	Long	Dioecy	diploid	-0.48225479449474	0.480572597137014	Superrosids	Viridiplantae	Eukaryota	Magnoliopsida
Angiosperm	Vitaceae	Vitis	Vitis rotundifolia	wild	Liana	woody	Perennial	Long	Dioecy	Outcrossing	NA	NA	2	20	2163.108	417.44	Vitis rotundifolia	2346	344	20	https://doi.org/10.1007/s00122-019-03302-7	NA	NA	NA	20.872	108.1554	5.18184170180146	0.226850747251106	0.266040341015135	0.486342537362555	Long	Dioecy	diploid	0.109033633466816	5.61996933691069	Superrosids	Viridiplantae	Eukaryota	Magnoliopsida
Angiosperm	Vitaceae	Vitis	Vitis vinifera	cultivated	Liana	woody	Perennial	Long	Dioecy	Outcrossing	NA	NA	2	19	1929.13	446.946	Vitis vinifera	7199	149	19	https://doi.org/10.3389/fpls.2015.00393	38	2	416	23.5234736842105	101.533157894737	4.31624849534396	0.218228338504243	0.25630688412182	0.485169912552855	Long	Dioecy	diploid	0.0367263102660253	16.1070912369727	Superrosids	Viridiplantae	Eukaryota	Magnoliopsida
Gymnosperm	Cupressaceae	Cryptomeria	Cryptomeria japonica	wild	Tree	woody	Perennial	Long	Dioecy	Outcrossing	NA	NA	2	11	1266.2	10758	Cryptomeria japonica	3205	190	11	https://doi.org/10.1186/s12864-018-4581-5	NA	NA	NA	978	115.109090909091	0.117698456962261	0.23543183515034	0.275566101951261	0.475948348650031	Long	Dioecy	diploid	-0.122154510606126	0.297917828592675	Conifers	Viridiplantae	Eukaryota	Pinopsida
Gymnosperm	Pinaceae	Larix	Larix kaempferi	wild	Tree	woody	Perennial	Long	Monoecy	Outcrossing	NA	NA	2	12	546.5	9291	Larix kaempferi	210	145	12	https://doi.org/10.1111/jipb.13265	NA	NA	NA	774.25	45.5416666666667	0.0588203637929179	0.12269080311806	0.140881294952656	0.468557566926505	Long	Outcrossing	diploid	-1.03158442740548	0.0226025185663545	Conifers	Viridiplantae	Eukaryota	Pinopsida
Gymnosperm	Pinaceae	Picea	Picea abies	wild	Tree	woody	Perennial	Long	Monoecy	Outcrossing	NA	0.94	2	12	1889.2	18190.8	Picea abies	686	247	12	https://doi.org/10.1371/journal.pone.0101049	NA	NA	NA	1515.9	157.433333333333	0.103854695780285	0.278943567764965	0.321246934297555	0.48157863064708	Long	Outcrossing	diploid	0.15753235648531	0.037711370582932	Conifers	Viridiplantae	Eukaryota	Pinopsida
Gymnosperm	Pinaceae	Pinus	Pinus balfouriana	wild	Tree	woody	Perennial	Long	Monoecy	Outcrossing	NA	NA	2	12	1572.8	29281.32	Pinus balfouriana	NA	NA	12	https://doi.org/10.1007/s11295-015-0866-x	NA	NA	NA	2440.11	131.066666666667	0.0537134254876488	0.25346479040469	0.295037656497533	0.479455399200391	Long	Outcrossing	diploid	-0.0620807471717683	NA	Conifers	Viridiplantae	Eukaryota	Pinopsida
Gymnosperm	Pinaceae	Pinus	Pinus koraiensis	wild	Tree	woody	Perennial	Long	Monoecy	Outcrossing	NA	0.88	2	12	857.46	27579.6	Pinus koraiensis	122	94	12	https://doi.org/10.1007/s00468-010-0438-5	NA	NA	NA	2298.3	71.455	0.031090371143889	0.172616354077548	0.202482576883116	0.472718029506462	Long	Outcrossing	diploid	-0.664151161622184	0.00442355944248648	Conifers	Viridiplantae	Eukaryota	Pinopsida
Gymnosperm	Pinaceae	Pinus	Pinus lambertiana	wild	Tree	woody	Perennial	Long	Monoecy	Outcrossing	NA	0.99	2	12	1231	27602.7	Pinus lambertiana	399	94	12	https://doi.org/10.1007/s11295-010-0347-1	NA	NA	NA	2300.225	102.583333333333	0.0445970865168987	0.219626287939861	0.257895704008223	0.476635523994988	Long	Outcrossing	diploid	-0.302607438930247	0.0144551076525123	Conifers	Viridiplantae	Eukaryota	Pinopsida
Gymnosperm	Pinaceae	Pinus	Pinus massoniana	wild	Tree	woody	Perennial	Long	Monoecy	Outcrossing	NA	NA	2	12	1956	25134.6	Pinus massoniana	251	120	12	https://doi.org/10.1515/sg-2014-0001	NA	NA	NA	2094.55	163	0.0778210116731518	0.283734013510336	0.326003720954908	0.481977834459195	Long	Outcrossing	diploid	0.167613331009393	0.00998623411552203	Conifers	Viridiplantae	Eukaryota	Pinopsida
Gymnosperm	Pinaceae	Pinus	Pinus pinaster	wild	Tree	woody	Perennial	Long	Monoecy	Outcrossing	NA	0.87	2	12	1708	23814.3	Pinus pinaster	357	177	12	https://doi.org/10.1186/1471-2164-12-368	NA	NA	NA	1984.525	142.333333333333	0.0717216126445035	0.264953228601428	0.307045588887453	0.480412769050119	Long	Outcrossing	diploid	0.0361514540203206	0.0149909928068429	Conifers	Viridiplantae	Eukaryota	Pinopsida
Gymnosperm	Pinaceae	Pinus	Pinus radiata	wild	Tree	woody	Perennial	Long	Monoecy	Outcrossing	NA	0.9	2	12	1060	21936.54	Pinus radiata	787	86	12	https://doi.org/10.1007/s00468-014-1090-2	NA	NA	NA	1828.045	88.3333333333333	0.0483212028879668	0.19960429280122	0.2347659540368	0.474967024400102	Long	Outcrossing	diploid	-0.434636759047447	0.0358762138422924	Conifers	Viridiplantae	Eukaryota	Pinopsida
Gymnosperm	Pinaceae	Pinus	Pinus taeda	wild	Tree	woody	Perennial	Long	Monoecy	Outcrossing	NA	0.99	2	12	2305	21516	Pinus taeda	3856	1251	12	https://doi.org/10.1534/g3.115.019588	NA	NA	NA	1793	192.083333333333	0.107129577988474	0.306000383761744	0.347420000109505	0.483833365313479	Long	Outcrossing	diploid	0.343651767001459	0.179215467559026	Conifers	Viridiplantae	Eukaryota	Pinopsida
